"CONCEPT_ID","CONCEPT_NAME","VOCABULARY_ID","CLASS_ID"
1319998,"Acebutolol","RxNorm","Adrenergics"
1154343,"Albuterol","RxNorm","Adrenergics"
930021,"alfuzosin","RxNorm","Adrenergics"
919986,"apraclonidine","RxNorm","Adrenergics"
1111220,"arformoterol","RxNorm","Adrenergics"
1314002,"Atenolol","RxNorm","Adrenergics"
19034275,"bambuterol","RxNorm","Adrenergics"
1322081,"Betaxolol","RxNorm","Adrenergics"
1338005,"Bisoprolol","RxNorm","Adrenergics"
915542,"brimonidine","RxNorm","Adrenergics"
21603320,"carbuterol","ATC","Adrenergics"
950370,"Carteolol","RxNorm","Adrenergics"
1346823,"carvedilol","RxNorm","Adrenergics"
19097824,"Clenbuterol","RxNorm","Adrenergics"
1398937,"Clonidine","RxNorm","Adrenergics"
19086622,"dapiprazole","RxNorm","Adrenergics"
19061088,"Dexmedetomidine","RxNorm","Adrenergics"
990009,"Dipivefrin","RxNorm","Adrenergics"
1337720,"Dobutamine","RxNorm","Adrenergics"
1363053,"Doxazosin","RxNorm","Adrenergics"
1143374,"Ephedrine","RxNorm","Adrenergics"
1343916,"Epinephrine","RxNorm","Adrenergics"
19063575,"esmolol","RxNorm","Adrenergics"
19053979,"Fenoterol","RxNorm","Adrenergics"
1196677,"formoterol","RxNorm","Adrenergics"
1366237,"Guanabenz","RxNorm","Adrenergics"
1344965,"Guanfacine","RxNorm","Adrenergics"
19068969,"Hexoprenaline","RxNorm","Adrenergics"
1181809,"Isoetharine","RxNorm","Adrenergics"
21603309,"isoprenaline, combinations","ATC","Adrenergics"
1183554,"Isoproterenol","RxNorm","Adrenergics"
1386957,"Labetalol","RxNorm","Adrenergics"
1192218,"Levalbuterol","RxNorm","Adrenergics"
932815,"Levobunolol","RxNorm","Adrenergics"
1123995,"metaproterenol","RxNorm","Adrenergics"
19009365,"methoxyphenamine","RxNorm","Adrenergics"
1305447,"Methyldopa","RxNorm","Adrenergics"
905531,"Metipranolol","RxNorm","Adrenergics"
1307046,"Metoprolol","RxNorm","Adrenergics"
1308368,"Midodrine","RxNorm","Adrenergics"
42873636,"mirabegron","RxNorm","Adrenergics"
1313200,"Nadolol","RxNorm","Adrenergics"
21603310,"orciprenaline, combinations","ATC","Adrenergics"
19026274,"p-Hydroxyamphetamine","RxNorm","Adrenergics"
1327978,"Penbutolol","RxNorm","Adrenergics"
1335301,"Phenoxybenzamine","RxNorm","Adrenergics"
1335539,"Phentolamine","RxNorm","Adrenergics"
1135766,"Phenylephrine","RxNorm","Adrenergics"
1345858,"Pindolol","RxNorm","Adrenergics"
1125449,"pirbuterol","RxNorm","Adrenergics"
1350489,"Prazosin","RxNorm","Adrenergics"
19028950,"Procaterol","RxNorm","Adrenergics"
1353766,"Propranolol","RxNorm","Adrenergics"
1154332,"Pseudoephedrine","RxNorm","Adrenergics"
19035396,"reproterol","RxNorm","Adrenergics"
1137529,"salmeterol","RxNorm","Adrenergics"
19012925,"silodosin","RxNorm","Adrenergics"
924566,"tamsulosin","RxNorm","Adrenergics"
1341238,"Terazosin","RxNorm","Adrenergics"
1236744,"Terbutaline","RxNorm","Adrenergics"
21603325,"terbutaline, combinations","ATC","Adrenergics"
902427,"Timolol","RxNorm","Adrenergics"
778474,"tizanidine","RxNorm","Adrenergics"
21603319,"tretoquinol","ATC","Adrenergics"
19043191,"tulobuterol","RxNorm","Adrenergics"
43532539,"vilanterol","RxNorm","Adrenergics"
19029393,"aceclofenac","RxNorm","Analgesics (inc. NSAIDs)"
19029398,"acemetacin","RxNorm","Analgesics (inc. NSAIDs)"
1125315,"Acetaminophen","RxNorm","Analgesics (inc. NSAIDs)"
21603946,"alclofenac","ATC","Analgesics (inc. NSAIDs)"
19059528,"Alfentanil","RxNorm","Analgesics (inc. NSAIDs)"
19018431,"alminoprofen","RxNorm","Analgesics (inc. NSAIDs)"
1103552,"almotriptan","RxNorm","Analgesics (inc. NSAIDs)"
19018432,"aloxiprin","RxNorm","Analgesics (inc. NSAIDs)"
21604337,"aminophenazone, combinations excl. psycholeptics","ATC","Analgesics (inc. NSAIDs)"
21604341,"aminophenazone, combinations with psycholeptics","ATC","Analgesics (inc. NSAIDs)"
19125628,"Aminopyrine","RxNorm","Analgesics (inc. NSAIDs)"
1036059,"Antipyrine","RxNorm","Analgesics (inc. NSAIDs)"
19136654,"Apazone","RxNorm","Analgesics (inc. NSAIDs)"
1112807,"Aspirin","RxNorm","Analgesics (inc. NSAIDs)"
40254364,"avocado and soyabean oil, unsaponifiables","ATC","Analgesics (inc. NSAIDs)"
19016435,"benorilate","RxNorm","Analgesics (inc. NSAIDs)"
21603972,"benoxaprofen","ATC","Analgesics (inc. NSAIDs)"
19019620,"Benzydamine","RxNorm","Analgesics (inc. NSAIDs)"
21604279,"bezitramide","ATC","Analgesics (inc. NSAIDs)"
1139179,"bromfenac","RxNorm","Analgesics (inc. NSAIDs)"
21604346,"bucetin","ATC","Analgesics (inc. NSAIDs)"
21604350,"bucetin, combinations excl. psycholeptics","ATC","Analgesics (inc. NSAIDs)"
21604353,"bucetin, combinations with psycholeptics","ATC","Analgesics (inc. NSAIDs)"
19032724,"Bufexamac","RxNorm","Analgesics (inc. NSAIDs)"
19039703,"bumadizone","RxNorm","Analgesics (inc. NSAIDs)"
1133201,"Buprenorphine","RxNorm","Analgesics (inc. NSAIDs)"
1133732,"Butorphanol","RxNorm","Analgesics (inc. NSAIDs)"
21604363,"cannabinoids","ATC","Analgesics (inc. NSAIDs)"
21604318,"carbasalate calcium","ATC","Analgesics (inc. NSAIDs)"
21604324,"carbasalate calcium combinations excl. psycholeptics","ATC","Analgesics (inc. NSAIDs)"
1118084,"celecoxib","RxNorm","Analgesics (inc. NSAIDs)"
1395573,"Chondroitin Sulfates","RxNorm","Analgesics (inc. NSAIDs)"
19018512,"clofezone","RxNorm","Analgesics (inc. NSAIDs)"
1201620,"Codeine","RxNorm","Analgesics (inc. NSAIDs)"
21604268,"codeine, combinations with psycholeptics","ATC","Analgesics (inc. NSAIDs)"
21603980,"dexibuprofen","ATC","Analgesics (inc. NSAIDs)"
19056874,"Dexketoprofen","RxNorm","Analgesics (inc. NSAIDs)"
19021940,"Dextromoramide","RxNorm","Analgesics (inc. NSAIDs)"
21604282,"dextropropoxyphene, combinations with psycholeptics","ATC","Analgesics (inc. NSAIDs)"
19088393,"dezocine","RxNorm","Analgesics (inc. NSAIDs)"
19088915,"diacetylrhein","RxNorm","Analgesics (inc. NSAIDs)"
21604262,"DIAMORPHINE","ATC","Analgesics (inc. NSAIDs)"
1124300,"Diclofenac","RxNorm","Analgesics (inc. NSAIDs)"
21603952,"difenpiramide","ATC","Analgesics (inc. NSAIDs)"
1126128,"Diflunisal","RxNorm","Analgesics (inc. NSAIDs)"
1189596,"dihydrocodeine","RxNorm","Analgesics (inc. NSAIDs)"
1126557,"Dihydroergotamine","RxNorm","Analgesics (inc. NSAIDs)"
21604370,"dihydroergotamine, combinations","ATC","Analgesics (inc. NSAIDs)"
21604313,"dipyrocetyl","ATC","Analgesics (inc. NSAIDs)"
21604323,"dipyrocetyl, combinations excl. psycholeptics","ATC","Analgesics (inc. NSAIDs)"
21604328,"dipyrocetyl, combinations with psycholeptics","ATC","Analgesics (inc. NSAIDs)"
19056645,"droxicam","RxNorm","Analgesics (inc. NSAIDs)"
1189697,"eletriptan","RxNorm","Analgesics (inc. NSAIDs)"
1145379,"Ergotamine","RxNorm","Analgesics (inc. NSAIDs)"
21604372,"ergotamine, combinations with psycholeptics","ATC","Analgesics (inc. NSAIDs)"
19059506,"ethenzamide","RxNorm","Analgesics (inc. NSAIDs)"
21604322,"ethenzamide, combinations excl. psycholeptics","ATC","Analgesics (inc. NSAIDs)"
21604327,"ethenzamide, combinations with psycholeptics","ATC","Analgesics (inc. NSAIDs)"
1195492,"Etodolac","RxNorm","Analgesics (inc. NSAIDs)"
19011355,"etoricoxib","RxNorm","Analgesics (inc. NSAIDs)"
19095703,"fenbufen","RxNorm","Analgesics (inc. NSAIDs)"
1153928,"Fenoprofen","RxNorm","Analgesics (inc. NSAIDs)"
1154029,"Fentanyl","RxNorm","Analgesics (inc. NSAIDs)"
21603950,"fentiazac","ATC","Analgesics (inc. NSAIDs)"
19135796,"Feprazone","RxNorm","Analgesics (inc. NSAIDs)"
21604014,"feprazone, combinations","ATC","Analgesics (inc. NSAIDs)"
19054931,"floctafenine","RxNorm","Analgesics (inc. NSAIDs)"
19110711,"Flufenamic Acid","RxNorm","Analgesics (inc. NSAIDs)"
21604374,"flumedroxone","ATC","Analgesics (inc. NSAIDs)"
21603981,"flunoxaprofen","ATC","Analgesics (inc. NSAIDs)"
19064698,"flupirtine","RxNorm","Analgesics (inc. NSAIDs)"
1156378,"Flurbiprofen","RxNorm","Analgesics (inc. NSAIDs)"
19113015,"fonazine","RxNorm","Analgesics (inc. NSAIDs)"
1189458,"frovatriptan","RxNorm","Analgesics (inc. NSAIDs)"
21604356,"glafenine","ATC","Analgesics (inc. NSAIDs)"
1360332,"Glucosamine","RxNorm","Analgesics (inc. NSAIDs)"
21604004,"glucosaminoglycan polysulfate","ATC","Analgesics (inc. NSAIDs)"
21604317,"guacetisal","ATC","Analgesics (inc. NSAIDs)"
1174888,"Hydrocodone","RxNorm","Analgesics (inc. NSAIDs)"
1126658,"Hydromorphone","RxNorm","Analgesics (inc. NSAIDs)"
21604295,"hydromorphone and antispasmodics","ATC","Analgesics (inc. NSAIDs)"
1177480,"Ibuprofen","RxNorm","Analgesics (inc. NSAIDs)"
21603979,"ibuproxam","ATC","Analgesics (inc. NSAIDs)"
19069104,"imidazole-2-hydroxybenzoate","RxNorm","Analgesics (inc. NSAIDs)"
21603958,"indometacin, combinations","ATC","Analgesics (inc. NSAIDs)"
1178663,"Indomethacin","RxNorm","Analgesics (inc. NSAIDs)"
21603976,"indoprofen","ATC","Analgesics (inc. NSAIDs)"
19113032,"iprazochrome","RxNorm","Analgesics (inc. NSAIDs)"
19069191,"kebuzone","RxNorm","Analgesics (inc. NSAIDs)"
21604270,"ketobemidone","ATC","Analgesics (inc. NSAIDs)"
21604293,"ketobemidone and antispasmodics","ATC","Analgesics (inc. NSAIDs)"
1185922,"Ketoprofen","RxNorm","Analgesics (inc. NSAIDs)"
21603985,"ketoprofen, combinations","ATC","Analgesics (inc. NSAIDs)"
1136980,"Ketorolac","RxNorm","Analgesics (inc. NSAIDs)"
1189766,"Levorphanol","RxNorm","Analgesics (inc. NSAIDs)"
19071933,"lonazolac","RxNorm","Analgesics (inc. NSAIDs)"
19049709,"lornoxicam","RxNorm","Analgesics (inc. NSAIDs)"
19071936,"loxoprofen","RxNorm","Analgesics (inc. NSAIDs)"
21603997,"lumiracoxib","ATC","Analgesics (inc. NSAIDs)"
19125097,"Meclofenamic Acid","RxNorm","Analgesics (inc. NSAIDs)"
19125195,"Mefenamic Acid","RxNorm","Analgesics (inc. NSAIDs)"
1150345,"meloxicam","RxNorm","Analgesics (inc. NSAIDs)"
40254075,"meloxicam, combinations","ATC","Analgesics (inc. NSAIDs)"
1102527,"Meperidine","RxNorm","Analgesics (inc. NSAIDs)"
19003010,"Meptazinol","RxNorm","Analgesics (inc. NSAIDs)"
21604336,"metamizole sodium, combinations excl. psycholeptics","ATC","Analgesics (inc. NSAIDs)"
21604340,"metamizole sodium, combinations with psycholeptics","ATC","Analgesics (inc. NSAIDs)"
1103640,"Methadone","RxNorm","Analgesics (inc. NSAIDs)"
21604280,"methadone, combinations excl. psycholeptics","ATC","Analgesics (inc. NSAIDs)"
19005257,"Methoxyflurane","RxNorm","Analgesics (inc. NSAIDs)"
1106740,"Methysergide","RxNorm","Analgesics (inc. NSAIDs)"
19072129,"mofebutazone","RxNorm","Analgesics (inc. NSAIDs)"
19072152,"morniflumate","RxNorm","Analgesics (inc. NSAIDs)"
1110410,"Morphine","RxNorm","Analgesics (inc. NSAIDs)"
21604292,"morphine and antispasmodics","ATC","Analgesics (inc. NSAIDs)"
19056115,"MORPHOLINE SALICYLATE","RxNorm","Analgesics (inc. NSAIDs)"
1113648,"nabumetone","RxNorm","Analgesics (inc. NSAIDs)"
1114122,"Nalbuphine","RxNorm","Analgesics (inc. NSAIDs)"
40254094,"naproxcinod","ATC","Analgesics (inc. NSAIDs)"
1115008,"Naproxen","RxNorm","Analgesics (inc. NSAIDs)"
40254098,"naproxen and misoprostol","ATC","Analgesics (inc. NSAIDs)"
1118117,"naratriptan","RxNorm","Analgesics (inc. NSAIDs)"
19015602,"Nefopam","RxNorm","Analgesics (inc. NSAIDs)"
909795,"nepafenac","RxNorm","Analgesics (inc. NSAIDs)"
21604259,"nicomorphine","ATC","Analgesics (inc. NSAIDs)"
21604334,"nifenazone","ATC","Analgesics (inc. NSAIDs)"
19019023,"Niflumic Acid","RxNorm","Analgesics (inc. NSAIDs)"
19069425,"nimesulide","RxNorm","Analgesics (inc. NSAIDs)"
923829,"Opium","RxNorm","Analgesics (inc. NSAIDs)"
19082874,"orgotein","RxNorm","Analgesics (inc. NSAIDs)"
19003691,"oxaceprol","RxNorm","Analgesics (inc. NSAIDs)"
21603953,"oxametacin","ATC","Analgesics (inc. NSAIDs)"
1118045,"oxaprozin","RxNorm","Analgesics (inc. NSAIDs)"
19082880,"oxetorone","RxNorm","Analgesics (inc. NSAIDs)"
1124957,"Oxycodone","RxNorm","Analgesics (inc. NSAIDs)"
1125765,"Oxymorphone","RxNorm","Analgesics (inc. NSAIDs)"
19025925,"Oxyphenbutazone","RxNorm","Analgesics (inc. NSAIDs)"
19129648,"Papaveretum","RxNorm","Analgesics (inc. NSAIDs)"
19003570,"parecoxib","RxNorm","Analgesics (inc. NSAIDs)"
1130585,"Pentazocine","RxNorm","Analgesics (inc. NSAIDs)"
21604294,"pethidine and antispasmodics","ATC","Analgesics (inc. NSAIDs)"
21604274,"pethidine, combinations with psycholeptics","ATC","Analgesics (inc. NSAIDs)"
19033710,"Phenacetin","RxNorm","Analgesics (inc. NSAIDs)"
21604349,"phenacetin, combinations excl. psycholeptics","ATC","Analgesics (inc. NSAIDs)"
21604352,"phenacetin, combinations with psycholeptics","ATC","Analgesics (inc. NSAIDs)"
19132884,"Phenazocine","RxNorm","Analgesics (inc. NSAIDs)"
21604335,"phenazone, combinations excl. psycholeptics","ATC","Analgesics (inc. NSAIDs)"
21604339,"phenazone, combinations with psycholeptics","ATC","Analgesics (inc. NSAIDs)"
1135710,"Phenylbutazone","RxNorm","Analgesics (inc. NSAIDs)"
19134009,"Pirinitramide","RxNorm","Analgesics (inc. NSAIDs)"
1146810,"Piroxicam","RxNorm","Analgesics (inc. NSAIDs)"
21603974,"pirprofen","ATC","Analgesics (inc. NSAIDs)"
19047076,"Pizotyline","RxNorm","Analgesics (inc. NSAIDs)"
19029327,"proglumetacin","RxNorm","Analgesics (inc. NSAIDs)"
21604347,"propacetamol","ATC","Analgesics (inc. NSAIDs)"
1153664,"Propoxyphene","RxNorm","Analgesics (inc. NSAIDs)"
19029322,"propyphenazone","RxNorm","Analgesics (inc. NSAIDs)"
21604338,"propyphenazone, combinations excl. psycholeptics","ATC","Analgesics (inc. NSAIDs)"
21604342,"propyphenazone, combinations with psycholeptics","ATC","Analgesics (inc. NSAIDs)"
21604005,"proquazone","ATC","Analgesics (inc. NSAIDs)"
19016749,"remifentanil","RxNorm","Analgesics (inc. NSAIDs)"
21604355,"rimazolium","ATC","Analgesics (inc. NSAIDs)"
1154077,"rizatriptan","RxNorm","Analgesics (inc. NSAIDs)"
1189754,"rofecoxib","RxNorm","Analgesics (inc. NSAIDs)"
1164108,"salicylamide","RxNorm","Analgesics (inc. NSAIDs)"
21604321,"salicylamide, combinations excl. psycholeptics","ATC","Analgesics (inc. NSAIDs)"
21604326,"salicylamide, combinations with psycholeptics","ATC","Analgesics (inc. NSAIDs)"
1137460,"Salsalate","RxNorm","Analgesics (inc. NSAIDs)"
19078219,"Sufentanil","RxNorm","Analgesics (inc. NSAIDs)"
1236607,"Sulindac","RxNorm","Analgesics (inc. NSAIDs)"
1140643,"Sumatriptan","RxNorm","Analgesics (inc. NSAIDs)"
1036636,"Suprofen","RxNorm","Analgesics (inc. NSAIDs)"
19026459,"tapentadol","RxNorm","Analgesics (inc. NSAIDs)"
21604011,"tenidap","ATC","Analgesics (inc. NSAIDs)"
19041220,"tenoxicam","RxNorm","Analgesics (inc. NSAIDs)"
19002431,"Tilidine","RxNorm","Analgesics (inc. NSAIDs)"
19042155,"tolfenamic acid","RxNorm","Analgesics (inc. NSAIDs)"
1102917,"Tolmetin","RxNorm","Analgesics (inc. NSAIDs)"
1103314,"Tramadol","RxNorm","Analgesics (inc. NSAIDs)"
1103374,"valdecoxib","RxNorm","Analgesics (inc. NSAIDs)"
21604358,"viminol","ATC","Analgesics (inc. NSAIDs)"
19005061,"ziconotide","RxNorm","Analgesics (inc. NSAIDs)"
1116031,"zolmitriptan","RxNorm","Analgesics (inc. NSAIDs)"
19102108,"zomepirac","RxNorm","Analgesics (inc. NSAIDs)"
19123877,"Amdinocillin","RxNorm","Antibiotics"
19088223,"Amdinocillin Pivoxil","RxNorm","Antibiotics"
1790868,"Amikacin","RxNorm","Antibiotics"
1713332,"Amoxicillin","RxNorm","Antibiotics"
1717327,"Ampicillin","RxNorm","Antibiotics"
21602839,"ampicillin, combinations","ATC","Antibiotics"
40255264,"aspoxicillin","ATC","Antibiotics"
19018516,"azidocillin","RxNorm","Antibiotics"
1734104,"Azithromycin","RxNorm","Antibiotics"
45893479,"azithromycin, fluconazole and secnidazole","ATC","Antibiotics"
19015123,"Azlocillin","RxNorm","Antibiotics"
1715117,"Aztreonam","RxNorm","Antibiotics"
1734205,"bacampicillin","RxNorm","Antibiotics"
915175,"Bacitracin","RxNorm","Antibiotics"
40255908,"bekanamycin","ATC","Antibiotics"
21602924,"biapenem","ATC","Antibiotics"
19018742,"brodimoprim","RxNorm","Antibiotics"
1740546,"Carbenicillin","RxNorm","Antibiotics"
40255589,"carumonam","ATC","Antibiotics"
21602879,"cefacetrile","ATC","Antibiotics"
1768849,"Cefaclor","RxNorm","Antibiotics"
1769535,"Cefadroxil","RxNorm","Antibiotics"
19070174,"Cefamandole","RxNorm","Antibiotics"
19070680,"Cefatrizine","RxNorm","Antibiotics"
21602875,"cefazedone","ATC","Antibiotics"
1771162,"Cefazolin","RxNorm","Antibiotics"
40255561,"cefbuperazone","ATC","Antibiotics"
21602911,"cefcapene","ATC","Antibiotics"
1796458,"cefdinir","RxNorm","Antibiotics"
1747005,"cefditoren","RxNorm","Antibiotics"
1748975,"cefepime","RxNorm","Antibiotics"
45893466,"cefepime and amikacin","ATC","Antibiotics"
19028241,"cefetamet","RxNorm","Antibiotics"
1796435,"Cefixime","RxNorm","Antibiotics"
21602899,"cefmenoxime","ATC","Antibiotics"
19072255,"Cefmetazole","RxNorm","Antibiotics"
40255560,"cefminox","ATC","Antibiotics"
19028286,"cefodizime","RxNorm","Antibiotics"
19072857,"Cefonicid","RxNorm","Antibiotics"
1773402,"Cefoperazone","RxNorm","Antibiotics"
21602913,"cefoperazone, combinations","ATC","Antibiotics"
19028288,"ceforanide","RxNorm","Antibiotics"
1774470,"Cefotaxime","RxNorm","Antibiotics"
45893191,"cefotaxime, combinations","ATC","Antibiotics"
1774932,"Cefotetan","RxNorm","Antibiotics"
19051271,"Cefotiam","RxNorm","Antibiotics"
1775741,"Cefoxitin","RxNorm","Antibiotics"
21602917,"cefozopran","ATC","Antibiotics"
21602905,"cefpiramide","ATC","Antibiotics"
19001904,"cefpirome","RxNorm","Antibiotics"
1749008,"cefpodoxime","RxNorm","Antibiotics"
1738366,"cefprozil","RxNorm","Antibiotics"
21602880,"cefroxadine","ATC","Antibiotics"
19051345,"Cefsulodin","RxNorm","Antibiotics"
40230597,"ceftaroline","RxNorm","Antibiotics"
1776684,"Ceftazidime","RxNorm","Antibiotics"
21602881,"ceftezole","ATC","Antibiotics"
1749083,"ceftibuten","RxNorm","Antibiotics"
1777254,"Ceftizoxime","RxNorm","Antibiotics"
21602928,"ceftobiprole medocaril","ATC","Antibiotics"
45892599,"ceftolozane","RxNorm","Antibiotics"
1777806,"Ceftriaxone","RxNorm","Antibiotics"
21602912,"ceftriaxone, combinations","ATC","Antibiotics"
1778162,"Cefuroxime","RxNorm","Antibiotics"
21603039,"cefuroxime and metronidazole","ATC","Antibiotics"
1786621,"Cephalexin","RxNorm","Antibiotics"
19052683,"Cephaloridine","RxNorm","Antibiotics"
19086759,"Cephalothin","RxNorm","Antibiotics"
19086790,"Cephapirin","RxNorm","Antibiotics"
1786842,"Cephradine","RxNorm","Antibiotics"
990069,"Chloramphenicol","RxNorm","Antibiotics"
19095043,"Chlortetracycline","RxNorm","Antibiotics"
997496,"Cinoxacin","RxNorm","Antibiotics"
1797513,"Ciprofloxacin","RxNorm","Antibiotics"
45893269,"ciprofloxacin and metronidazole","ATC","Antibiotics"
45893270,"ciprofloxacin and ornidazole","ATC","Antibiotics"
45893513,"ciprofloxacin and tinidazole","ATC","Antibiotics"
1750500,"Clarithromycin","RxNorm","Antibiotics"
997881,"Clindamycin","RxNorm","Antibiotics"
19047240,"clofoctol","RxNorm","Antibiotics"
21602847,"clometocillin","ATC","Antibiotics"
19047265,"clomocycline","RxNorm","Antibiotics"
1800835,"Cloxacillin","RxNorm","Antibiotics"
1701677,"colistimethate","RxNorm","Antibiotics"
901845,"Colistin","RxNorm","Antibiotics"
21602811,"combinations of tetracyclines","ATC","Antibiotics"
45774861,"dalbavancin","RxNorm","Antibiotics"
1789517,"dalfopristin","RxNorm","Antibiotics"
1786617,"Daptomycin","RxNorm","Antibiotics"
1714527,"Demeclocycline","RxNorm","Antibiotics"
19023508,"Dibekacin","RxNorm","Antibiotics"
1724666,"Dicloxacillin","RxNorm","Antibiotics"
1790024,"dirithromycin","RxNorm","Antibiotics"
1713905,"doripenem","RxNorm","Antibiotics"
1738521,"Doxycycline","RxNorm","Antibiotics"
1743222,"Enoxacin","RxNorm","Antibiotics"
21602826,"epicillin","ATC","Antibiotics"
1717963,"ertapenem","RxNorm","Antibiotics"
1746940,"Erythromycin","RxNorm","Antibiotics"
43534793,"faropenem","ATC","Antibiotics"
40239985,"fidaxomicin","RxNorm","Antibiotics"
19050750,"Fleroxacin","RxNorm","Antibiotics"
40255562,"flomoxef","ATC","Antibiotics"
19054936,"Floxacillin","RxNorm","Antibiotics"
19064329,"flumequine","RxNorm","Antibiotics"
21602982,"flurithromycin","ATC","Antibiotics"
956653,"Fosfomycin","RxNorm","Antibiotics"
45893495,"furazidin","ATC","Antibiotics"
21603026,"garenoxacin","ATC","Antibiotics"
1789276,"gatifloxacin","RxNorm","Antibiotics"
1716721,"gemifloxacin","RxNorm","Antibiotics"
45892419,"Gentamicin","RxNorm","Antibiotics"
919345,"Gentamicin Sulfate (USP)","RxNorm","Antibiotics"
1747032,"grepafloxacin","RxNorm","Antibiotics"
19101402,"habekacin","RxNorm","Antibiotics"
19069006,"hetacillin","RxNorm","Antibiotics"
21602933,"iclaprim","ATC","Antibiotics"
1778262,"Imipenem","RxNorm","Antibiotics"
21603004,"isepamicin","ATC","Antibiotics"
19123240,"Josamycin","RxNorm","Antibiotics"
1784749,"Kanamycin","RxNorm","Antibiotics"
1742253,"Levofloxacin","RxNorm","Antibiotics"
43534794,"levofloxacin and ornidazole","ATC","Antibiotics"
1790692,"Lincomycin","RxNorm","Antibiotics"
1736887,"linezolid","RxNorm","Antibiotics"
1707800,"lomefloxacin","RxNorm","Antibiotics"
1708100,"loracarbef","RxNorm","Antibiotics"
19092353,"Lymecycline","RxNorm","Antibiotics"
992716,"Mafenide","RxNorm","Antibiotics"
19008870,"mandelic acid","RxNorm","Antibiotics"
1709170,"meropenem","RxNorm","Antibiotics"
19003644,"Methacycline","RxNorm","Antibiotics"
19072054,"methampicillin","RxNorm","Antibiotics"
904356,"Methenamine","RxNorm","Antibiotics"
1707164,"Metronidazole","RxNorm","Antibiotics"
19007701,"Mezlocillin","RxNorm","Antibiotics"
19072122,"midecamycin","RxNorm","Antibiotics"
1708880,"Minocycline","RxNorm","Antibiotics"
19009138,"Miocamycin","RxNorm","Antibiotics"
19126622,"Moxalactam","RxNorm","Antibiotics"
1716903,"moxifloxacin","RxNorm","Antibiotics"
951511,"Mupirocin","RxNorm","Antibiotics"
1713930,"Nafcillin","RxNorm","Antibiotics"
915981,"Neomycin","RxNorm","Antibiotics"
19017585,"Netilmicin","RxNorm","Antibiotics"
21603059,"nifurtoinol","ATC","Antibiotics"
920293,"Nitrofurantoin","RxNorm","Antibiotics"
45893503,"nitrofurantoin, combinations","ATC","Antibiotics"
19015464,"nitroxoline","RxNorm","Antibiotics"
1721543,"Norfloxacin","RxNorm","Antibiotics"
45893468,"norfloxacin and tinidazole","ATC","Antibiotics"
923081,"Ofloxacin","RxNorm","Antibiotics"
45893194,"ofloxacin and ornidazole","ATC","Antibiotics"
19023254,"Oleandomycin","RxNorm","Antibiotics"
45776147,"oritavancin","RxNorm","Antibiotics"
19024197,"Ornidazole","RxNorm","Antibiotics"
1724703,"Oxacillin","RxNorm","Antibiotics"
19129642,"Oxolinic Acid","RxNorm","Antibiotics"
925952,"Oxytetracycline","RxNorm","Antibiotics"
21602926,"panipenem and betamipron","ATC","Antibiotics"
21603025,"pazufloxacin","ATC","Antibiotics"
19027679,"Pefloxacin","RxNorm","Antibiotics"
21602846,"penamecillin","ATC","Antibiotics"
19126544,"Penicillin","RxNorm","Antibiotics"
1728416,"Penicillin G","RxNorm","Antibiotics"
1729720,"Penicillin V","RxNorm","Antibiotics"
21603037,"penicillins, combinations with other antibacterials","ATC","Antibiotics"
21602808,"penimepicycline","ATC","Antibiotics"
19088795,"phenethicillin","RxNorm","Antibiotics"
1746114,"Piperacillin","RxNorm","Antibiotics"
21603030,"piromidic acid","ATC","Antibiotics"
19047071,"Pivampicillin","RxNorm","Antibiotics"
948582,"Polymyxin B","RxNorm","Antibiotics"
19125201,"Pristinamycin","RxNorm","Antibiotics"
19096054,"propicillin","RxNorm","Antibiotics"
21603024,"prulifloxacin","ATC","Antibiotics"
1789515,"quinupristin","RxNorm","Antibiotics"
991003,"retapamulin","RxNorm","Antibiotics"
21603003,"ribostamycin","ATC","Antibiotics"
1763204,"Rifampin","RxNorm","Antibiotics"
19136008,"Rifamycins","RxNorm","Antibiotics"
1735947,"rifaximin","RxNorm","Antibiotics"
21602980,"rokitamycin","ATC","Antibiotics"
19136024,"Rolitetracycline","RxNorm","Antibiotics"
19036545,"rosoxacin","RxNorm","Antibiotics"
19063874,"Roxithromycin","RxNorm","Antibiotics"
21603017,"rufloxacin","ATC","Antibiotics"
966956,"silver sulfadiazine","RxNorm","Antibiotics"
19136044,"Sisomicin","RxNorm","Antibiotics"
40256175,"sitafloxacin","ATC","Antibiotics"
1733765,"sparfloxacin","RxNorm","Antibiotics"
1701651,"Spectinomycin","RxNorm","Antibiotics"
19070251,"Spiramycin","RxNorm","Antibiotics"
21603040,"spiramycin and metronidazole","ATC","Antibiotics"
21602993,"streptoduocin","ATC","Antibiotics"
1836191,"Streptomycin","RxNorm","Antibiotics"
1836241,"Sulbactam","RxNorm","Antibiotics"
19000817,"Sulbenicillin","RxNorm","Antibiotics"
1036252,"Sulfacetamide","RxNorm","Antibiotics"
1836391,"Sulfadiazine","RxNorm","Antibiotics"
21602966,"sulfadiazine and tetroxoprim","ATC","Antibiotics"
21602962,"sulfadiazine and trimethoprim","ATC","Antibiotics"
19000818,"Sulfadimethoxine","RxNorm","Antibiotics"
21602965,"sulfadimidine and trimethoprim","ATC","Antibiotics"
19136423,"Sulfalene","RxNorm","Antibiotics"
21602958,"sulfamazone","ATC","Antibiotics"
19136426,"Sulfamerazine","RxNorm","Antibiotics"
21602967,"sulfamerazine and trimethoprim","ATC","Antibiotics"
19136429,"Sulfamethazine","RxNorm","Antibiotics"
1036425,"Sulfamethizole","RxNorm","Antibiotics"
1836430,"Sulfamethoxazole","RxNorm","Antibiotics"
19000820,"Sulfamethoxypyridazine","RxNorm","Antibiotics"
21602952,"sulfametomidine","ATC","Antibiotics"
21602953,"sulfametoxydiazine","ATC","Antibiotics"
21602963,"sulfametrole and trimethoprim","ATC","Antibiotics"
19136481,"Sulfamoxole","RxNorm","Antibiotics"
21602964,"sulfamoxole and trimethoprim","ATC","Antibiotics"
1036475,"Sulfanilamide","RxNorm","Antibiotics"
21602955,"sulfaperin","ATC","Antibiotics"
21602957,"sulfaphenazole","ATC","Antibiotics"
19136493,"Sulfapyridine","RxNorm","Antibiotics"
1036487,"sulfathiazole","RxNorm","Antibiotics"
21602942,"sulfathiourea","ATC","Antibiotics"
19000821,"Sulfisomidine","RxNorm","Antibiotics"
1836503,"Sulfisoxazole","RxNorm","Antibiotics"
19040627,"sultamicillin","RxNorm","Antibiotics"
19002077,"Talampicillin","RxNorm","Antibiotics"
1741122,"tazobactam","RxNorm","Antibiotics"
45775686,"tedizolid","RxNorm","Antibiotics"
19078399,"Teicoplanin","RxNorm","Antibiotics"
40166675,"telavancin","RxNorm","Antibiotics"
1702911,"telithromycin","RxNorm","Antibiotics"
19041153,"temafloxacin","RxNorm","Antibiotics"
19100438,"temocillin","RxNorm","Antibiotics"
1836948,"Tetracycline","RxNorm","Antibiotics"
45893484,"tetracycline and oleandomycin","ATC","Antibiotics"
19137362,"Thiamphenicol","RxNorm","Antibiotics"
21602817,"thiamphenicol, combinations","ATC","Antibiotics"
1702364,"Ticarcillin","RxNorm","Antibiotics"
1742432,"tigecycline","RxNorm","Antibiotics"
1702559,"Tinidazole","RxNorm","Antibiotics"
902722,"Tobramycin","RxNorm","Antibiotics"
1705674,"Trimethoprim","RxNorm","Antibiotics"
19006043,"Troleandomycin","RxNorm","Antibiotics"
1712549,"trovafloxacin","RxNorm","Antibiotics"
1707687,"Vancomycin","RxNorm","Antibiotics"
19102105,"xibornol","RxNorm","Antibiotics"
19047423,"abciximab","RxNorm","Anticlotting and antifibrinolytic"
19024063,"Acenocoumarol","RxNorm","Anticlotting and antifibrinolytic"
40252642,"acetylsalicylic acid, combinations with proton pump inhibitors","ATC","Anticlotting and antifibrinolytic"
1347450,"alteplase","RxNorm","Anticlotting and antifibrinolytic"
19024544,"Ancrod","RxNorm","Anticlotting and antifibrinolytic"
19044890,"Anistreplase","RxNorm","Anticlotting and antifibrinolytic"
1436169,"Antithrombin III","RxNorm","Anticlotting and antifibrinolytic"
43013024,"apixaban","RxNorm","Anticlotting and antifibrinolytic"
1322207,"argatroban","RxNorm","Anticlotting and antifibrinolytic"
19069137,"bemiparin","RxNorm","Anticlotting and antifibrinolytic"
21601002,"beraprost","ATC","Anticlotting and antifibrinolytic"
19084670,"bivalirudin","RxNorm","Anticlotting and antifibrinolytic"
21601012,"brinase","ATC","Anticlotting and antifibrinolytic"
46275677,"cangrelor","RxNorm","Anticlotting and antifibrinolytic"
1350310,"cilostazol","RxNorm","Anticlotting and antifibrinolytic"
1322184,"clopidogrel","RxNorm","Anticlotting and antifibrinolytic"
21600987,"cloricromen","ATC","Anticlotting and antifibrinolytic"
21600969,"clorindione","ATC","Anticlotting and antifibrinolytic"
40228152,"dabigatran etexilate","RxNorm","Anticlotting and antifibrinolytic"
1301065,"Dalteparin","RxNorm","Anticlotting and antifibrinolytic"
19026343,"danaparoid","RxNorm","Anticlotting and antifibrinolytic"
42898933,"defibrotide","RxNorm","Anticlotting and antifibrinolytic"
21601029,"dermatan sulfate","ATC","Anticlotting and antifibrinolytic"
19011712,"desirudin","RxNorm","Anticlotting and antifibrinolytic"
1325124,"Dicumarol","RxNorm","Anticlotting and antifibrinolytic"
21600970,"diphenadione","ATC","Anticlotting and antifibrinolytic"
1331270,"Dipyridamole","RxNorm","Anticlotting and antifibrinolytic"
21600986,"ditazole","ATC","Anticlotting and antifibrinolytic"
1731597,"drotrecogin alfa","RxNorm","Anticlotting and antifibrinolytic"
1301025,"Enoxaparin","RxNorm","Anticlotting and antifibrinolytic"
1354118,"Epoprostenol","RxNorm","Anticlotting and antifibrinolytic"
1322199,"eptifibatide","RxNorm","Anticlotting and antifibrinolytic"
21600968,"ethyl biscoumacetate","ATC","Anticlotting and antifibrinolytic"
19113013,"fluindione","RxNorm","Anticlotting and antifibrinolytic"
1315865,"fondaparinux","RxNorm","Anticlotting and antifibrinolytic"
1367571,"Heparin","RxNorm","Anticlotting and antifibrinolytic"
21600984,"heparin, combinations","ATC","Anticlotting and antifibrinolytic"
19069107,"indobufen","RxNorm","Anticlotting and antifibrinolytic"
19092139,"lepirudin","RxNorm","Anticlotting and antifibrinolytic"
21601023,"melagatran","ATC","Anticlotting and antifibrinolytic"
19001014,"Nadroparin","RxNorm","Anticlotting and antifibrinolytic"
19008276,"parnaparin","RxNorm","Anticlotting and antifibrinolytic"
19033934,"Phenindione","RxNorm","Anticlotting and antifibrinolytic"
19035344,"Phenprocoumon","RxNorm","Anticlotting and antifibrinolytic"
21600988,"picotamide","ATC","Anticlotting and antifibrinolytic"
954696,"Plasmin","RxNorm","Anticlotting and antifibrinolytic"
40163718,"prasugrel","RxNorm","Anticlotting and antifibrinolytic"
42801108,"Protein C","RxNorm","Anticlotting and antifibrinolytic"
19024191,"Reteplase","RxNorm","Anticlotting and antifibrinolytic"
19129274,"reviparin","RxNorm","Anticlotting and antifibrinolytic"
40241331,"rivaroxaban","RxNorm","Anticlotting and antifibrinolytic"
21601014,"saruplase","ATC","Anticlotting and antifibrinolytic"
19136187,"Streptokinase","RxNorm","Anticlotting and antifibrinolytic"
21600982,"sulodexide","ATC","Anticlotting and antifibrinolytic"
19098548,"Tenecteplase","RxNorm","Anticlotting and antifibrinolytic"
40241186,"Ticagrelor","RxNorm","Anticlotting and antifibrinolytic"
1302398,"Ticlopidine","RxNorm","Anticlotting and antifibrinolytic"
1308473,"tinzaparin","RxNorm","Anticlotting and antifibrinolytic"
19018364,"tioclomarol","RxNorm","Anticlotting and antifibrinolytic"
19017067,"tirofiban","RxNorm","Anticlotting and antifibrinolytic"
19042778,"triflusal","RxNorm","Anticlotting and antifibrinolytic"
1307515,"Urokinase","RxNorm","Anticlotting and antifibrinolytic"
44818499,"vorapaxar","RxNorm","Anticlotting and antifibrinolytic"
1310149,"Warfarin","RxNorm","Anticlotting and antifibrinolytic"
21601024,"ximelagatran","ATC","Anticlotting and antifibrinolytic"
1529331,"Acarbose","RxNorm","Antidiabetic drugs"
1530014,"Acetohexamide","RxNorm","Antidiabetic drugs"
44816332,"albiglutide","RxNorm","Antidiabetic drugs"
43013884,"alogliptin","RxNorm","Antidiabetic drugs"
19035533,"benfluorex","RxNorm","Antidiabetic drugs"
21600748,"buformin","ATC","Antidiabetic drugs"
43526465,"canagliflozin","RxNorm","Antidiabetic drugs"
19033498,"Carbutamide","RxNorm","Antidiabetic drugs"
1594973,"Chlorpropamide","RxNorm","Antidiabetic drugs"
21600734,"combinations","ATC","Antidiabetic drugs"
44785829,"dapagliflozin","RxNorm","Antidiabetic drugs"
45774751,"empagliflozin","RxNorm","Antidiabetic drugs"
1583722,"exenatide","RxNorm","Antidiabetic drugs"
43534752,"gemigliptin","ATC","Antidiabetic drugs"
19001409,"glibornuride","RxNorm","Antidiabetic drugs"
19059796,"Gliclazide","RxNorm","Antidiabetic drugs"
1597756,"glimepiride","RxNorm","Antidiabetic drugs"
1560171,"Glipizide","RxNorm","Antidiabetic drugs"
19097821,"gliquidone","RxNorm","Antidiabetic drugs"
21600760,"glisoxepide","ATC","Antidiabetic drugs"
1559684,"Glyburide","RxNorm","Antidiabetic drugs"
19001441,"glymidine","RxNorm","Antidiabetic drugs"
1000979,"guar gum","RxNorm","Antidiabetic drugs"
21600730,"insulin (beef)","ATC","Antidiabetic drugs"
43534747,"insulin degludec","ATC","Antidiabetic drugs"
44819155,"insulin degludec and insulin aspart","ATC","Antidiabetic drugs"
1516976,"insulin detemir","RxNorm","Antidiabetic drugs"
1502905,"Insulin Glargine","RxNorm","Antidiabetic drugs"
1550023,"Insulin Lispro","RxNorm","Antidiabetic drugs"
1544838,"Insulin, Glulisine, Human","RxNorm","Antidiabetic drugs"
42899447,"Insulin, Pork","RxNorm","Antidiabetic drugs"
40239216,"Linagliptin","RxNorm","Antidiabetic drugs"
45893517,"linagliptin and empagliflozin","ATC","Antidiabetic drugs"
40170911,"liraglutide","RxNorm","Antidiabetic drugs"
44506754,"Lixisenatide","RxNorm","Antidiabetic drugs"
21600759,"metahexamide","ATC","Antidiabetic drugs"
1503297,"Metformin","RxNorm","Antidiabetic drugs"
45893467,"metformin and acarbose","ATC","Antidiabetic drugs"
45893267,"metformin and canagliflozin","ATC","Antidiabetic drugs"
43534751,"metformin and dapagliflozin","ATC","Antidiabetic drugs"
45893491,"metformin and gemigliptin","ATC","Antidiabetic drugs"
21600773,"metformin and vildagliptin","ATC","Antidiabetic drugs"
1510202,"miglitol","RxNorm","Antidiabetic drugs"
21600796,"mitiglinide","ATC","Antidiabetic drugs"
1502826,"nateglinide","RxNorm","Antidiabetic drugs"
19033909,"Phenformin","RxNorm","Antidiabetic drugs"
21600766,"phenformin and sulfonamides","ATC","Antidiabetic drugs"
1525215,"pioglitazone","RxNorm","Antidiabetic drugs"
43534748,"pioglitazone and sitagliptin","ATC","Antidiabetic drugs"
1517998,"Pramlintide","RxNorm","Antidiabetic drugs"
1596977,"Regular Insulin, Human","RxNorm","Antidiabetic drugs"
1516766,"repaglinide","RxNorm","Antidiabetic drugs"
1547504,"rosiglitazone","RxNorm","Antidiabetic drugs"
40166035,"saxagliptin","RxNorm","Antidiabetic drugs"
1580747,"sitagliptin","RxNorm","Antidiabetic drugs"
1502809,"Tolazamide","RxNorm","Antidiabetic drugs"
1502855,"Tolbutamide","RxNorm","Antidiabetic drugs"
19042191,"tolrestat","RxNorm","Antidiabetic drugs"
1515249,"troglitazone","RxNorm","Antidiabetic drugs"
19122137,"vildagliptin","RxNorm","Antidiabetic drugs"
21600778,"voglibose","ATC","Antidiabetic drugs"
19112534,"barbexaclone","RxNorm","Antiepileptics"
19018520,"Beclamide","RxNorm","Antiepileptics"
740275,"Carbamazepine","RxNorm","Antiepileptics"
798874,"Clonazepam","RxNorm","Antiepileptics"
19054995,"dipropylacetamide","RxNorm","Antiepileptics"
44507780,"eslicarbazepine","RxNorm","Antiepileptics"
750119,"Ethosuximide","RxNorm","Antiepileptics"
750146,"Ethotoin","RxNorm","Antiepileptics"
40239995,"ezogabine","RxNorm","Antiepileptics"
795661,"felbamate","RxNorm","Antiepileptics"
713192,"fosphenytoin","RxNorm","Antiepileptics"
797399,"gabapentin","RxNorm","Antiepileptics"
19087394,"lacosamide","RxNorm","Antiepileptics"
705103,"lamotrigine","RxNorm","Antiepileptics"
711584,"Levetiracetam","RxNorm","Antiepileptics"
702661,"Mephenytoin","RxNorm","Antiepileptics"
702685,"Mephobarbital","RxNorm","Antiepileptics"
19004254,"metharbital","RxNorm","Antiepileptics"
759401,"methsuximide","RxNorm","Antiepileptics"
718122,"oxcarbazepine","RxNorm","Antiepileptics"
19021932,"paramethadione","RxNorm","Antiepileptics"
42904177,"perampanel","RxNorm","Antiepileptics"
19023286,"phenacemide","RxNorm","Antiepileptics"
734275,"Phenobarbital","RxNorm","Antiepileptics"
19023842,"phensuximide","RxNorm","Antiepileptics"
740910,"Phenytoin","RxNorm","Antiepileptics"
734354,"pregabalin","RxNorm","Antiepileptics"
751347,"Primidone","RxNorm","Antiepileptics"
19095776,"progabide","RxNorm","Antiepileptics"
19006586,"rufinamide","RxNorm","Antiepileptics"
19000921,"sulthiame","RxNorm","Antiepileptics"
715458,"tiagabine","RxNorm","Antiepileptics"
742267,"topiramate","RxNorm","Antiepileptics"
19005629,"Trimethadione","RxNorm","Antiepileptics"
19010963,"Valproic Acid","RxNorm","Antiepileptics"
19020002,"Vigabatrin","RxNorm","Antiepileptics"
744798,"zonisamide","RxNorm","Antiepileptics"
1140123,"acrivastine","RxNorm","Antihistamines"
951237,"Antazoline","RxNorm","Antihistamines"
1150770,"Astemizole","RxNorm","Antihistamines"
1133993,"azatadine","RxNorm","Antihistamines"
934075,"azelastine","RxNorm","Antihistamines"
19034280,"bamipine","RxNorm","Antihistamines"
40166571,"bepotastine","RxNorm","Antihistamines"
40256760,"bilastine","ATC","Antihistamines"
1139216,"bromodiphenhydramine","RxNorm","Antihistamines"
1130863,"Brompheniramine","RxNorm","Antihistamines"
21603466,"brompheniramine, combinations","ATC","Antihistamines"
19081195,"buclizine","RxNorm","Antihistamines"
21603499,"buclizine, combinations","ATC","Antihistamines"
1141018,"carbinoxamine","RxNorm","Antihistamines"
1149196,"Cetirizine","RxNorm","Antihistamines"
990413,"chlorcyclizine","RxNorm","Antihistamines"
19049437,"chloropyramine","RxNorm","Antihistamines"
21603478,"chloropyramine, combinations","ATC","Antihistamines"
1192710,"Chlorpheniramine","RxNorm","Antihistamines"
19049707,"chlorphenoxamine","RxNorm","Antihistamines"
21603456,"chlorphenoxamine, combinations","ATC","Antihistamines"
1197677,"Clemastine","RxNorm","Antihistamines"
21603455,"clemastine, combinations","ATC","Antihistamines"
909358,"Cyclizine","RxNorm","Antihistamines"
21603500,"cyclizine, combinations","ATC","Antihistamines"
1110727,"Cyproheptadine","RxNorm","Antihistamines"
21603516,"deptropine","ATC","Antihistamines"
1103006,"desloratadine","RxNorm","Antihistamines"
1188052,"dexbrompheniramine","RxNorm","Antihistamines"
21603469,"dexbrompheniramine, combinations","ATC","Antihistamines"
1188114,"dexchlorpheniramine","RxNorm","Antihistamines"
21603467,"dexchlorpheniramine, combinations","ATC","Antihistamines"
19028947,"Dimethindene","RxNorm","Antihistamines"
1129625,"Diphenhydramine","RxNorm","Antihistamines"
21603454,"diphenhydramine, combinations","ATC","Antihistamines"
19090000,"diphenylpyraline","RxNorm","Antihistamines"
21603457,"diphenylpyraline, combinations","ATC","Antihistamines"
738818,"Doxylamine","RxNorm","Antihistamines"
40254475,"doxylamine, combinations","ATC","Antihistamines"
19092433,"ebastine","RxNorm","Antihistamines"
903893,"emedastine","RxNorm","Antihistamines"
943634,"epinastine","RxNorm","Antihistamines"
1153428,"fexofenadine","RxNorm","Antihistamines"
21603472,"histapyrrodine","ATC","Antihistamines"
21603477,"histapyrrodine, combinations","ATC","Antihistamines"
21603484,"hydroxyethylpromethazine","ATC","Antihistamines"
21603490,"hydroxyethylpromethazine, combinations","ATC","Antihistamines"
19003593,"isothipendyl","RxNorm","Antihistamines"
986117,"Ketotifen","RxNorm","Antihistamines"
1136422,"levocetirizine","RxNorm","Antihistamines"
1107830,"Loratadine","RxNorm","Antihistamines"
19008999,"mebhydroline","RxNorm","Antihistamines"
994341,"Meclizine","RxNorm","Antihistamines"
21603501,"meclozine, combinations","ATC","Antihistamines"
19009145,"mequitazine","RxNorm","Antihistamines"
19004158,"Methapyrilene","RxNorm","Antihistamines"
19009250,"methdilazine","RxNorm","Antihistamines"
19086100,"mizolastine","RxNorm","Antihistamines"
915855,"olopatadine","RxNorm","Antihistamines"
19071314,"oxatomide","RxNorm","Antihistamines"
21603487,"oxomemazine","ATC","Antihistamines"
1123534,"phenindamine","RxNorm","Antihistamines"
933952,"Pheniramine","RxNorm","Antihistamines"
19093165,"pimethixene","RxNorm","Antihistamines"
1153013,"Promethazine","RxNorm","Antihistamines"
21603489,"promethazine, combinations","ATC","Antihistamines"
1159811,"Pyrilamine","RxNorm","Antihistamines"
21603510,"pyrrobutamine","ATC","Antihistamines"
21603529,"pyrrobutamine, combinations","ATC","Antihistamines"
43534851,"quifenadine","ATC","Antihistamines"
21603527,"rupatadine","ATC","Antihistamines"
43534852,"sequifenadine","ATC","Antihistamines"
21603465,"talastine","ATC","Antihistamines"
1150836,"Terfenadine","RxNorm","Antihistamines"
21603506,"thenalidine","ATC","Antihistamines"
21603528,"thenalidine, combinations","ATC","Antihistamines"
21603485,"thiazinam","ATC","Antihistamines"
1037358,"Thiethylperazine","RxNorm","Antihistamines"
43012162,"thonzylamine","RxNorm","Antihistamines"
19005570,"Trimeprazine","RxNorm","Antihistamines"
942799,"trimethobenzamide","RxNorm","Antihistamines"
1105853,"Tripelennamine","RxNorm","Antihistamines"
1105889,"Triprolidine","RxNorm","Antihistamines"
19101651,"tritoqualine","RxNorm","Antihistamines"
1736971,"abacavir","RxNorm","Antiinfectives (excluding antibiotics and vaccines)"
1703687,"Acyclovir","RxNorm","Antiinfectives (excluding antibiotics and vaccines)"
21603125,"aldesulfone sodium","ATC","Antiinfectives (excluding antibiotics and vaccines)"
1726228,"aminosalicylic acid","RxNorm","Antiinfectives (excluding antibiotics and vaccines)"
1717240,"Amphotericin B","RxNorm","Antiinfectives (excluding antibiotics and vaccines)"
1789428,"Amprenavir","RxNorm","Antiinfectives (excluding antibiotics and vaccines)"
19026450,"anidulafungin","RxNorm","Antiinfectives (excluding antibiotics and vaccines)"
19063179,"Antifungal Agents","RxNorm","Antiinfectives (excluding antibiotics and vaccines)"
46233931,"asunaprevir","RxNorm","Antiinfectives (excluding antibiotics and vaccines)"
1727223,"Atazanavir","RxNorm","Antiinfectives (excluding antibiotics and vaccines)"
43012518,"bedaquiline","RxNorm","Antiinfectives (excluding antibiotics and vaccines)"
40238770,"boceprevir","RxNorm","Antiinfectives (excluding antibiotics and vaccines)"
21601251,"botulinum antitoxin","ATC","Antiinfectives (excluding antibiotics and vaccines)"
19122130,"brivudine","RxNorm","Antiinfectives (excluding antibiotics and vaccines)"
958396,"butenafine","RxNorm","Antiinfectives (excluding antibiotics and vaccines)"
939784,"butoconazole","RxNorm","Antiinfectives (excluding antibiotics and vaccines)"
21603094,"calcium aminosalicylate","ATC","Antiinfectives (excluding antibiotics and vaccines)"
1718054,"Caspofungin","RxNorm","Antiinfectives (excluding antibiotics and vaccines)"
1745072,"Cidofovir","RxNorm","Antiinfectives (excluding antibiotics and vaccines)"
21603171,"clevudine","ATC","Antiinfectives (excluding antibiotics and vaccines)"
1798476,"Clofazimine","RxNorm","Antiinfectives (excluding antibiotics and vaccines)"
1000632,"Clotrimazole","RxNorm","Antiinfectives (excluding antibiotics and vaccines)"
586491,"cytomegalovirus immune globulin","RxNorm","Antiinfectives (excluding antibiotics and vaccines)"
46221696,"daclatasvir","RxNorm","Antiinfectives (excluding antibiotics and vaccines)"
1711759,"Dapsone","RxNorm","Antiinfectives (excluding antibiotics and vaccines)"
1756831,"darunavir","RxNorm","Antiinfectives (excluding antibiotics and vaccines)"
45893458,"darunavir and cobicistat","ATC","Antiinfectives (excluding antibiotics and vaccines)"
44819157,"delamanid","ATC","Antiinfectives (excluding antibiotics and vaccines)"
1747157,"Delavirdine","RxNorm","Antiinfectives (excluding antibiotics and vaccines)"
1724869,"Didanosine","RxNorm","Antiinfectives (excluding antibiotics and vaccines)"
19031041,"Diphtheria Antitoxin","RxNorm","Antiinfectives (excluding antibiotics and vaccines)"
43560385,"dolutegravir","RxNorm","Antiinfectives (excluding antibiotics and vaccines)"
940864,"Econazole","RxNorm","Antiinfectives (excluding antibiotics and vaccines)"
1738135,"efavirenz","RxNorm","Antiinfectives (excluding antibiotics and vaccines)"
45775080,"efinaconazole","RxNorm","Antiinfectives (excluding antibiotics and vaccines)"
42874212,"elvitegravir","RxNorm","Antiinfectives (excluding antibiotics and vaccines)"
1703069,"emtricitabine","RxNorm","Antiinfectives (excluding antibiotics and vaccines)"
21601270,"encephalitis, tick borne immunoglobulin","ATC","Antiinfectives (excluding antibiotics and vaccines)"
1717002,"enfuvirtide","RxNorm","Antiinfectives (excluding antibiotics and vaccines)"
1711246,"entecavir","RxNorm","Antiinfectives (excluding antibiotics and vaccines)"
1749301,"Ethambutol","RxNorm","Antiinfectives (excluding antibiotics and vaccines)"
21603117,"ethambutol and isoniazid","ATC","Antiinfectives (excluding antibiotics and vaccines)"
1750074,"Ethionamide","RxNorm","Antiinfectives (excluding antibiotics and vaccines)"
1758536,"etravirine","RxNorm","Antiinfectives (excluding antibiotics and vaccines)"
45893487,"faldaprevir","ATC","Antiinfectives (excluding antibiotics and vaccines)"
1703603,"famciclovir","RxNorm","Antiinfectives (excluding antibiotics and vaccines)"
1754994,"Fluconazole","RxNorm","Antiinfectives (excluding antibiotics and vaccines)"
1755112,"Flucytosine","RxNorm","Antiinfectives (excluding antibiotics and vaccines)"
1736829,"fosamprenavir","RxNorm","Antiinfectives (excluding antibiotics and vaccines)"
1724700,"Foscarnet","RxNorm","Antiinfectives (excluding antibiotics and vaccines)"
21603147,"fosfonet","ATC","Antiinfectives (excluding antibiotics and vaccines)"
1757803,"Ganciclovir","RxNorm","Antiinfectives (excluding antibiotics and vaccines)"
21601252,"gas-gangrene sera","ATC","Antiinfectives (excluding antibiotics and vaccines)"
21601269,"hepatitis A immunoglobulin","ATC","Antiinfectives (excluding antibiotics and vaccines)"
501343,"hepatitis B immune globulin","RxNorm","Antiinfectives (excluding antibiotics and vaccines)"
19078156,"Idoxuridine","RxNorm","Antiinfectives (excluding antibiotics and vaccines)"
1711523,"Indinavir","RxNorm","Antiinfectives (excluding antibiotics and vaccines)"
19083285,"Inosine Pranobex","RxNorm","Antiinfectives (excluding antibiotics and vaccines)"
1782521,"isoniazid","RxNorm","Antiinfectives (excluding antibiotics and vaccines)"
1703653,"Itraconazole","RxNorm","Antiinfectives (excluding antibiotics and vaccines)"
985708,"Ketoconazole","RxNorm","Antiinfectives (excluding antibiotics and vaccines)"
1704183,"Lamivudine","RxNorm","Antiinfectives (excluding antibiotics and vaccines)"
45893193,"lamivudine and tenofovir disoproxil","ATC","Antiinfectives (excluding antibiotics and vaccines)"
45893478,"lamivudine, abacavir and dolutegravir","ATC","Antiinfectives (excluding antibiotics and vaccines)"
43534799,"lamivudine, tenofovir disoproxil and efavirenz","ATC","Antiinfectives (excluding antibiotics and vaccines)"
44507693,"luliconazole","RxNorm","Antiinfectives (excluding antibiotics and vaccines)"
43532424,"lysozyme","RxNorm","Antiinfectives (excluding antibiotics and vaccines)"
1787101,"maraviroc","RxNorm","Antiinfectives (excluding antibiotics and vaccines)"
21601244,"maribavir","ATC","Antiinfectives (excluding antibiotics and vaccines)"
21601272,"measles immunoglobulin","ATC","Antiinfectives (excluding antibiotics and vaccines)"
21603129,"metisazone","ATC","Antiinfectives (excluding antibiotics and vaccines)"
19018013,"micafungin","RxNorm","Antiinfectives (excluding antibiotics and vaccines)"
907879,"Miconazole","RxNorm","Antiinfectives (excluding antibiotics and vaccines)"
21603113,"morinamide","ATC","Antiinfectives (excluding antibiotics and vaccines)"
19010924,"moroxydine","RxNorm","Antiinfectives (excluding antibiotics and vaccines)"
40252180,"motavizumab","ATC","Antiinfectives (excluding antibiotics and vaccines)"
21601273,"mumps immunoglobulin","ATC","Antiinfectives (excluding antibiotics and vaccines)"
914053,"naftifine","RxNorm","Antiinfectives (excluding antibiotics and vaccines)"
21601277,"nebacumab","ATC","Antiinfectives (excluding antibiotics and vaccines)"
1715472,"Nelfinavir","RxNorm","Antiinfectives (excluding antibiotics and vaccines)"
1769389,"Nevirapine","RxNorm","Antiinfectives (excluding antibiotics and vaccines)"
922570,"Nystatin","RxNorm","Antiinfectives (excluding antibiotics and vaccines)"
1799139,"Oseltamivir","RxNorm","Antiinfectives (excluding antibiotics and vaccines)"
918222,"oxiconazole","RxNorm","Antiinfectives (excluding antibiotics and vaccines)"
537647,"palivizumab","RxNorm","Antiinfectives (excluding antibiotics and vaccines)"
981654,"penciclovir","RxNorm","Antiinfectives (excluding antibiotics and vaccines)"
21601271,"pertussis immunoglobulin","ATC","Antiinfectives (excluding antibiotics and vaccines)"
21603192,"pleconaril","ATC","Antiinfectives (excluding antibiotics and vaccines)"
1704139,"posaconazole","RxNorm","Antiinfectives (excluding antibiotics and vaccines)"
19135812,"Prothionamide","RxNorm","Antiinfectives (excluding antibiotics and vaccines)"
1759455,"Pyrazinamide","RxNorm","Antiinfectives (excluding antibiotics and vaccines)"
19135830,"rabies immune globulin, human","RxNorm","Antiinfectives (excluding antibiotics and vaccines)"
1712889,"raltegravir","RxNorm","Antiinfectives (excluding antibiotics and vaccines)"
43013193,"raxibacumab","RxNorm","Antiinfectives (excluding antibiotics and vaccines)"
535714,"Rho(D) Immune Globulin","RxNorm","Antiinfectives (excluding antibiotics and vaccines)"
1762711,"Ribavirin","RxNorm","Antiinfectives (excluding antibiotics and vaccines)"
1777417,"Rifabutin","RxNorm","Antiinfectives (excluding antibiotics and vaccines)"
21603120,"rifampicin, pyrazinamide, ethambutol and isoniazid","ATC","Antiinfectives (excluding antibiotics and vaccines)"
19035924,"rifamycin SV","RxNorm","Antiinfectives (excluding antibiotics and vaccines)"
19035953,"rifapentine","RxNorm","Antiinfectives (excluding antibiotics and vaccines)"
40238930,"Rilpivirine","RxNorm","Antiinfectives (excluding antibiotics and vaccines)"
1763339,"Rimantadine","RxNorm","Antiinfectives (excluding antibiotics and vaccines)"
1748921,"Ritonavir","RxNorm","Antiinfectives (excluding antibiotics and vaccines)"
21601264,"rubella immunoglobulin","ATC","Antiinfectives (excluding antibiotics and vaccines)"
1746244,"Saquinavir","RxNorm","Antiinfectives (excluding antibiotics and vaccines)"
939134,"sertaconazole","RxNorm","Antiinfectives (excluding antibiotics and vaccines)"
44785086,"simeprevir","RxNorm","Antiinfectives (excluding antibiotics and vaccines)"
44785094,"sofosbuvir","RxNorm","Antiinfectives (excluding antibiotics and vaccines)"
21601266,"staphylococcus immunoglobulin","ATC","Antiinfectives (excluding antibiotics and vaccines)"
1781406,"Stavudine","RxNorm","Antiinfectives (excluding antibiotics and vaccines)"
21603187,"stavudine, lamivudine and nevirapine","ATC","Antiinfectives (excluding antibiotics and vaccines)"
940535,"sulconazole","RxNorm","Antiinfectives (excluding antibiotics and vaccines)"
45776537,"tavaborole","RxNorm","Antiinfectives (excluding antibiotics and vaccines)"
40239330,"telaprevir","RxNorm","Antiinfectives (excluding antibiotics and vaccines)"
1758392,"telbivudine","RxNorm","Antiinfectives (excluding antibiotics and vaccines)"
1710281,"tenofovir disoproxil","RxNorm","Antiinfectives (excluding antibiotics and vaccines)"
1741309,"terbinafine","RxNorm","Antiinfectives (excluding antibiotics and vaccines)"
941472,"terconazole","RxNorm","Antiinfectives (excluding antibiotics and vaccines)"
19078424,"terizidone","RxNorm","Antiinfectives (excluding antibiotics and vaccines)"
561401,"Tetanus immune globulin, human","RxNorm","Antiinfectives (excluding antibiotics and vaccines)"
45893523,"thioacetazone","ATC","Antiinfectives (excluding antibiotics and vaccines)"
21603118,"thioacetazone and isoniazid","ATC","Antiinfectives (excluding antibiotics and vaccines)"
21603107,"tiocarlide","ATC","Antiinfectives (excluding antibiotics and vaccines)"
942028,"tioconazole","RxNorm","Antiinfectives (excluding antibiotics and vaccines)"
1736999,"tipranavir","RxNorm","Antiinfectives (excluding antibiotics and vaccines)"
19101679,"tromantadine","RxNorm","Antiinfectives (excluding antibiotics and vaccines)"
45893141,"umifenovir","ATC","Antiinfectives (excluding antibiotics and vaccines)"
21601265,"vaccinia immunoglobulin","ATC","Antiinfectives (excluding antibiotics and vaccines)"
1717704,"valacyclovir","RxNorm","Antiinfectives (excluding antibiotics and vaccines)"
1703063,"valganciclovir","RxNorm","Antiinfectives (excluding antibiotics and vaccines)"
543291,"varicella-zoster immune globulin","RxNorm","Antiinfectives (excluding antibiotics and vaccines)"
908126,"Vidarabine","RxNorm","Antiinfectives (excluding antibiotics and vaccines)"
1714277,"voriconazole","RxNorm","Antiinfectives (excluding antibiotics and vaccines)"
1724827,"Zalcitabine","RxNorm","Antiinfectives (excluding antibiotics and vaccines)"
1708748,"Zanamivir","RxNorm","Antiinfectives (excluding antibiotics and vaccines)"
1710612,"Zidovudine","RxNorm","Antiinfectives (excluding antibiotics and vaccines)"
21603185,"zidovudine, lamivudine and nevirapine","ATC","Antiinfectives (excluding antibiotics and vaccines)"
19010868,"abarelix","RxNorm","Antineoplastic and immunomodulating agents"
1186087,"abatacept","RxNorm","Antineoplastic and immunomodulating agents"
42900395,"abetimus","RxNorm","Antineoplastic and immunomodulating agents"
40239056,"abiraterone","RxNorm","Antineoplastic and immunomodulating agents"
19057483,"Aclarubicin","RxNorm","Antineoplastic and immunomodulating agents"
1119119,"adalimumab","RxNorm","Antineoplastic and immunomodulating agents"
43525787,"ado-trastuzumab emtansine","RxNorm","Antineoplastic and immunomodulating agents"
43533090,"Afatinib","RxNorm","Antineoplastic and immunomodulating agents"
21603910,"afelimomab","ATC","Antineoplastic and immunomodulating agents"
40244266,"aflibercept","RxNorm","Antineoplastic and immunomodulating agents"
40253734,"albinterferon alfa-2b","ATC","Antineoplastic and immunomodulating agents"
1309770,"Aldesleukin","RxNorm","Antineoplastic and immunomodulating agents"
909959,"alefacept","RxNorm","Antineoplastic and immunomodulating agents"
1312706,"alemtuzumab","RxNorm","Antineoplastic and immunomodulating agents"
941052,"alitretinoin","RxNorm","Antineoplastic and immunomodulating agents"
1368823,"Altretamine","RxNorm","Antineoplastic and immunomodulating agents"
1503057,"Aminoglutethimide","RxNorm","Antineoplastic and immunomodulating agents"
904351,"Aminolevulinic Acid","RxNorm","Antineoplastic and immunomodulating agents"
40253109,"amrubicin","ATC","Antineoplastic and immunomodulating agents"
19017810,"Amsacrine","RxNorm","Antineoplastic and immunomodulating agents"
1381253,"anagrelide","RxNorm","Antineoplastic and immunomodulating agents"
1114375,"anakinra","RxNorm","Antineoplastic and immunomodulating agents"
1348265,"anastrozole","RxNorm","Antineoplastic and immunomodulating agents"
19018070,"ancestim","RxNorm","Antineoplastic and immunomodulating agents"
44816294,"apremilast","RxNorm","Antineoplastic and immunomodulating agents"
1333379,"arsenic trioxide","RxNorm","Antineoplastic and immunomodulating agents"
19012585,"ASPARAGINASE","RxNorm","Antineoplastic and immunomodulating agents"
42709322,"axitinib","RxNorm","Antineoplastic and immunomodulating agents"
1314865,"Azacitidine","RxNorm","Antineoplastic and immunomodulating agents"
19014878,"Azathioprine","RxNorm","Antineoplastic and immunomodulating agents"
45893268,"balugrastim","ATC","Antineoplastic and immunomodulating agents"
19038440,"basiliximab","RxNorm","Antineoplastic and immunomodulating agents"
40239665,"belatacept","RxNorm","Antineoplastic and immunomodulating agents"
40236987,"belimumab","RxNorm","Antineoplastic and immunomodulating agents"
19015523,"bendamustine","RxNorm","Antineoplastic and immunomodulating agents"
1397141,"bevacizumab","RxNorm","Antineoplastic and immunomodulating agents"
1389888,"bexarotene","RxNorm","Antineoplastic and immunomodulating agents"
1344381,"bicalutamide","RxNorm","Antineoplastic and immunomodulating agents"
1329241,"Bleomycin","RxNorm","Antineoplastic and immunomodulating agents"
1336825,"bortezomib","RxNorm","Antineoplastic and immunomodulating agents"
42900401,"bosutinib","RxNorm","Antineoplastic and immunomodulating agents"
40241969,"brentuximab vedotin","RxNorm","Antineoplastic and immunomodulating agents"
40253793,"briakinumab","ATC","Antineoplastic and immunomodulating agents"
19033280,"Buserelin","RxNorm","Antineoplastic and immunomodulating agents"
1333357,"Busulfan","RxNorm","Antineoplastic and immunomodulating agents"
40222431,"cabazitaxel","RxNorm","Antineoplastic and immunomodulating agents"
43012292,"cabozantinib","RxNorm","Antineoplastic and immunomodulating agents"
40161669,"canakinumab","RxNorm","Antineoplastic and immunomodulating agents"
1337620,"capecitabine","RxNorm","Antineoplastic and immunomodulating agents"
1344905,"Carboplatin","RxNorm","Antineoplastic and immunomodulating agents"
21601405,"carboquone","ATC","Antineoplastic and immunomodulating agents"
42873638,"carfilzomib","RxNorm","Antineoplastic and immunomodulating agents"
21601438,"carmofur","ATC","Antineoplastic and immunomodulating agents"
1350066,"Carmustine","RxNorm","Antineoplastic and immunomodulating agents"
21603763,"catumaxomab","ATC","Antineoplastic and immunomodulating agents"
45893501,"cepeginterferon alfa-2b","ATC","Antineoplastic and immunomodulating agents"
44818466,"ceritinib","RxNorm","Antineoplastic and immunomodulating agents"
912263,"certolizumab pegol","RxNorm","Antineoplastic and immunomodulating agents"
1315411,"cetuximab","RxNorm","Antineoplastic and immunomodulating agents"
1390051,"Chlorambucil","RxNorm","Antineoplastic and immunomodulating agents"
1397599,"Cisplatin","RxNorm","Antineoplastic and immunomodulating agents"
19054825,"Cladribine","RxNorm","Antineoplastic and immunomodulating agents"
19054821,"clofarabine","RxNorm","Antineoplastic and immunomodulating agents"
43534820,"cridanimod","ATC","Antineoplastic and immunomodulating agents"
40242675,"crizotinib","RxNorm","Antineoplastic and immunomodulating agents"
1310317,"Cyclophosphamide","RxNorm","Antineoplastic and immunomodulating agents"
19010482,"Cyclosporine","RxNorm","Antineoplastic and immunomodulating agents"
1311078,"Cytarabine","RxNorm","Antineoplastic and immunomodulating agents"
43532299,"dabrafenib","RxNorm","Antineoplastic and immunomodulating agents"
1311409,"Dacarbazine","RxNorm","Antineoplastic and immunomodulating agents"
19036892,"Daclizumab","RxNorm","Antineoplastic and immunomodulating agents"
1311443,"Dactinomycin","RxNorm","Antineoplastic and immunomodulating agents"
1358436,"dasatinib","RxNorm","Antineoplastic and immunomodulating agents"
45893271,"dasiprotimut-T","ATC","Antineoplastic and immunomodulating agents"
1311799,"Daunorubicin","RxNorm","Antineoplastic and immunomodulating agents"
19024728,"decitabine","RxNorm","Antineoplastic and immunomodulating agents"
19058410,"degarelix","RxNorm","Antineoplastic and immunomodulating agents"
21603721,"demecolcine","ATC","Antineoplastic and immunomodulating agents"
19051642,"denileukin diftitox","RxNorm","Antineoplastic and immunomodulating agents"
1525866,"Diethylstilbestrol","RxNorm","Antineoplastic and immunomodulating agents"
46221699,"dinutuximab","RxNorm","Antineoplastic and immunomodulating agents"
1315942,"docetaxel","RxNorm","Antineoplastic and immunomodulating agents"
1338512,"Doxorubicin","RxNorm","Antineoplastic and immunomodulating agents"
19080458,"eculizumab","RxNorm","Antineoplastic and immunomodulating agents"
19132294,"Edrecolomab","RxNorm","Antineoplastic and immunomodulating agents"
936429,"efalizumab","RxNorm","Antineoplastic and immunomodulating agents"
21603770,"efaproxiral","ATC","Antineoplastic and immunomodulating agents"
42900250,"enzalutamide","RxNorm","Antineoplastic and immunomodulating agents"
1344354,"Epirubicin","RxNorm","Antineoplastic and immunomodulating agents"
40230712,"eribulin","RxNorm","Antineoplastic and immunomodulating agents"
1325363,"erlotinib","RxNorm","Antineoplastic and immunomodulating agents"
1349025,"Estramustine","RxNorm","Antineoplastic and immunomodulating agents"
1151789,"Etanercept","RxNorm","Antineoplastic and immunomodulating agents"
19104221,"Ethoglucid","RxNorm","Antineoplastic and immunomodulating agents"
1350504,"Etoposide","RxNorm","Antineoplastic and immunomodulating agents"
19011440,"everolimus","RxNorm","Antineoplastic and immunomodulating agents"
1398399,"exemestane","RxNorm","Antineoplastic and immunomodulating agents"
1304850,"Filgrastim","RxNorm","Antineoplastic and immunomodulating agents"
40226579,"fingolimod","RxNorm","Antineoplastic and immunomodulating agents"
1395557,"fludarabine","RxNorm","Antineoplastic and immunomodulating agents"
955632,"Fluorouracil","RxNorm","Antineoplastic and immunomodulating agents"
21601443,"fluorouracil, combinations","ATC","Antineoplastic and immunomodulating agents"
1356461,"Flutamide","RxNorm","Antineoplastic and immunomodulating agents"
19020079,"formestane","RxNorm","Antineoplastic and immunomodulating agents"
19065450,"fosfestrol","RxNorm","Antineoplastic and immunomodulating agents"
21601411,"fotemustine","ATC","Antineoplastic and immunomodulating agents"
1304044,"fulvestrant","RxNorm","Antineoplastic and immunomodulating agents"
1319193,"gefitinib","RxNorm","Antineoplastic and immunomodulating agents"
1314924,"gemcitabine","RxNorm","Antineoplastic and immunomodulating agents"
19098566,"gemtuzumab","RxNorm","Antineoplastic and immunomodulating agents"
21603822,"gestonorone","ATC","Antineoplastic and immunomodulating agents"
19041065,"golimumab","RxNorm","Antineoplastic and immunomodulating agents"
1366310,"Goserelin","RxNorm","Antineoplastic and immunomodulating agents"
21603901,"gusperimus","ATC","Antineoplastic and immunomodulating agents"
1366773,"histrelin","RxNorm","Antineoplastic and immunomodulating agents"
1377141,"hydroxyurea","RxNorm","Antineoplastic and immunomodulating agents"
44507848,"Ibrutinib","RxNorm","Antineoplastic and immunomodulating agents"
19078097,"Idarubicin","RxNorm","Antineoplastic and immunomodulating agents"
45776944,"idelalisib","RxNorm","Antineoplastic and immunomodulating agents"
19078187,"Ifosfamide","RxNorm","Antineoplastic and immunomodulating agents"
1304107,"imatinib","RxNorm","Antineoplastic and immunomodulating agents"
21603883,"immunocyanin","ATC","Antineoplastic and immunomodulating agents"
937368,"infliximab","RxNorm","Antineoplastic and immunomodulating agents"
1379969,"Interferon Alfa-2a","RxNorm","Antineoplastic and immunomodulating agents"
1380068,"Interferon Alfa-2b","RxNorm","Antineoplastic and immunomodulating agents"
19044394,"Interferon Alfa-n1","RxNorm","Antineoplastic and immunomodulating agents"
1781314,"interferon alfacon-1","RxNorm","Antineoplastic and immunomodulating agents"
722424,"Interferon beta-1a","RxNorm","Antineoplastic and immunomodulating agents"
713196,"interferon beta-1b","RxNorm","Antineoplastic and immunomodulating agents"
19122123,"Interferon Type II","RxNorm","Antineoplastic and immunomodulating agents"
19109079,"Interferon-beta","RxNorm","Antineoplastic and immunomodulating agents"
40238188,"ipilimumab","RxNorm","Antineoplastic and immunomodulating agents"
1367268,"irinotecan","RxNorm","Antineoplastic and immunomodulating agents"
19025348,"ixabepilone","RxNorm","Antineoplastic and immunomodulating agents"
1359548,"lapatinib","RxNorm","Antineoplastic and immunomodulating agents"
1101898,"leflunomide","RxNorm","Antineoplastic and immunomodulating agents"
19026972,"lenalidomide","RxNorm","Antineoplastic and immunomodulating agents"
19009705,"lenograstim","RxNorm","Antineoplastic and immunomodulating agents"
21603875,"lentinan","ATC","Antineoplastic and immunomodulating agents"
1315946,"letrozole","RxNorm","Antineoplastic and immunomodulating agents"
1351541,"Leuprolide","RxNorm","Antineoplastic and immunomodulating agents"
44506753,"lipegfilgrastim","RxNorm","Antineoplastic and immunomodulating agents"
1391846,"Lomustine","RxNorm","Antineoplastic and immunomodulating agents"
21603788,"lonidamine","ATC","Antineoplastic and immunomodulating agents"
21601401,"mannosulfan","ATC","Antineoplastic and immunomodulating agents"
43534811,"masitinib","ATC","Antineoplastic and immunomodulating agents"
988447,"Masoprocol","RxNorm","Antineoplastic and immunomodulating agents"
1394337,"Mechlorethamine","RxNorm","Antineoplastic and immunomodulating agents"
1301267,"Melphalan","RxNorm","Antineoplastic and immunomodulating agents"
21603920,"mepolizumab","ATC","Antineoplastic and immunomodulating agents"
1436650,"mercaptopurine","RxNorm","Antineoplastic and immunomodulating agents"
1305058,"Methotrexate","RxNorm","Antineoplastic and immunomodulating agents"
19025194,"methyl 5-aminolevulinate","RxNorm","Antineoplastic and immunomodulating agents"
21603888,"mifamurtide","ATC","Antineoplastic and immunomodulating agents"
44816310,"miltefosine","RxNorm","Antineoplastic and immunomodulating agents"
19125635,"Mitobronitol","RxNorm","Antineoplastic and immunomodulating agents"
21603794,"mitoguazone","ATC","Antineoplastic and immunomodulating agents"
1389036,"Mitomycin","RxNorm","Antineoplastic and immunomodulating agents"
1309161,"Mitotane","RxNorm","Antineoplastic and immunomodulating agents"
1309188,"Mitoxantrone","RxNorm","Antineoplastic and immunomodulating agents"
19009676,"molgramostim","RxNorm","Antineoplastic and immunomodulating agents"
19051865,"Muromonab-CD3","RxNorm","Antineoplastic and immunomodulating agents"
19012565,"Mycophenolic Acid","RxNorm","Antineoplastic and immunomodulating agents"
735843,"natalizumab","RxNorm","Antineoplastic and immunomodulating agents"
19002912,"nelarabine","RxNorm","Antineoplastic and immunomodulating agents"
1394023,"nilotinib","RxNorm","Antineoplastic and immunomodulating agents"
1315286,"nilutamide","RxNorm","Antineoplastic and immunomodulating agents"
21601412,"nimustine","ATC","Antineoplastic and immunomodulating agents"
44507676,"obinutuzumab","RxNorm","Antineoplastic and immunomodulating agents"
21603807,"oblimersen","ATC","Antineoplastic and immunomodulating agents"
40167582,"ofatumumab","RxNorm","Antineoplastic and immunomodulating agents"
45892579,"olaparib","RxNorm","Antineoplastic and immunomodulating agents"
19069046,"omacetaxine mepesuccinate","RxNorm","Antineoplastic and immunomodulating agents"
1318030,"Oprelvekin","RxNorm","Antineoplastic and immunomodulating agents"
1318011,"oxaliplatin","RxNorm","Antineoplastic and immunomodulating agents"
1378382,"Paclitaxel","RxNorm","Antineoplastic and immunomodulating agents"
21603725,"paclitaxel poliglumex","ATC","Antineoplastic and immunomodulating agents"
19100985,"panitumumab","RxNorm","Antineoplastic and immunomodulating agents"
46221435,"panobinostat","RxNorm","Antineoplastic and immunomodulating agents"
40167554,"pazopanib","RxNorm","Antineoplastic and immunomodulating agents"
581480,"pegademase bovine","RxNorm","Antineoplastic and immunomodulating agents"
1326481,"pegaspargase","RxNorm","Antineoplastic and immunomodulating agents"
1325608,"pegfilgrastim","RxNorm","Antineoplastic and immunomodulating agents"
1714165,"peginterferon alfa-2a","RxNorm","Antineoplastic and immunomodulating agents"
21603870,"peginterferon alfa-2a, combinations","ATC","Antineoplastic and immunomodulating agents"
1797155,"peginterferon alfa-2b","RxNorm","Antineoplastic and immunomodulating agents"
21603869,"peginterferon alfa-2b, combinations","ATC","Antineoplastic and immunomodulating agents"
45775146,"peginterferon beta-1a","RxNorm","Antineoplastic and immunomodulating agents"
1304919,"pemetrexed","RxNorm","Antineoplastic and immunomodulating agents"
19031224,"Pentostatin","RxNorm","Antineoplastic and immunomodulating agents"
42801287,"pertuzumab","RxNorm","Antineoplastic and immunomodulating agents"
19102785,"pidotimod","RxNorm","Antineoplastic and immunomodulating agents"
19046625,"Pipobroman","RxNorm","Antineoplastic and immunomodulating agents"
19093366,"Pirarubicin","RxNorm","Antineoplastic and immunomodulating agents"
45775206,"pirfenidone","RxNorm","Antineoplastic and immunomodulating agents"
40253110,"pixantrone","ATC","Antineoplastic and immunomodulating agents"
19017581,"Plerixafor","RxNorm","Antineoplastic and immunomodulating agents"
19009165,"Plicamycin","RxNorm","Antineoplastic and immunomodulating agents"
21603880,"poly I:C","ATC","Antineoplastic and immunomodulating agents"
21603881,"poly ICLC","ATC","Antineoplastic and immunomodulating agents"
40253122,"polyplatillen","ATC","Antineoplastic and immunomodulating agents"
43014237,"pomalidomide","RxNorm","Antineoplastic and immunomodulating agents"
43013182,"ponatinib","RxNorm","Antineoplastic and immunomodulating agents"
40166461,"Pralatrexate","RxNorm","Antineoplastic and immunomodulating agents"
19135793,"Prednimustine","RxNorm","Antineoplastic and immunomodulating agents"
1351779,"Procarbazine","RxNorm","Antineoplastic and immunomodulating agents"
19038536,"raltitrexed","RxNorm","Antineoplastic and immunomodulating agents"
21601413,"ranimustine","ATC","Antineoplastic and immunomodulating agents"
42903460,"regorafenib","RxNorm","Antineoplastic and immunomodulating agents"
43534809,"ridaforolimus","ATC","Antineoplastic and immunomodulating agents"
19023450,"rilonacept","RxNorm","Antineoplastic and immunomodulating agents"
1314273,"rituximab","RxNorm","Antineoplastic and immunomodulating agents"
40168385,"romidepsin","RxNorm","Antineoplastic and immunomodulating agents"
21603876,"roquinimex","ATC","Antineoplastic and immunomodulating agents"
40244464,"ruxolitinib","RxNorm","Antineoplastic and immunomodulating agents"
1308432,"sargramostim","RxNorm","Antineoplastic and immunomodulating agents"
21603751,"satraplatin","ATC","Antineoplastic and immunomodulating agents"
45892883,"secukinumab","RxNorm","Antineoplastic and immunomodulating agents"
21601409,"semustine","ATC","Antineoplastic and immunomodulating agents"
44818461,"siltuximab","RxNorm","Antineoplastic and immunomodulating agents"
40224095,"sipuleucel-T","RxNorm","Antineoplastic and immunomodulating agents"
19034726,"Sirolimus","RxNorm","Antineoplastic and immunomodulating agents"
21603808,"sitimagene ceradenovec","ATC","Antineoplastic and immunomodulating agents"
1363387,"sorafenib","RxNorm","Antineoplastic and immunomodulating agents"
19136210,"Streptozocin","RxNorm","Antineoplastic and immunomodulating agents"
1336539,"sunitinib","RxNorm","Antineoplastic and immunomodulating agents"
950637,"Tacrolimus","RxNorm","Antineoplastic and immunomodulating agents"
1436678,"Tamoxifen","RxNorm","Antineoplastic and immunomodulating agents"
19071159,"TASONERMIN","RxNorm","Antineoplastic and immunomodulating agents"
19056756,"Tegafur","RxNorm","Antineoplastic and immunomodulating agents"
21601444,"tegafur, combinations","ATC","Antineoplastic and immunomodulating agents"
19011067,"temoporfin","RxNorm","Antineoplastic and immunomodulating agents"
1341149,"temozolomide","RxNorm","Antineoplastic and immunomodulating agents"
19092845,"temsirolimus","RxNorm","Antineoplastic and immunomodulating agents"
19136750,"Teniposide","RxNorm","Antineoplastic and immunomodulating agents"
42900584,"teriflunomide","RxNorm","Antineoplastic and immunomodulating agents"
19137042,"Thalidomide","RxNorm","Antineoplastic and immunomodulating agents"
1437379,"Thioguanine","RxNorm","Antineoplastic and immunomodulating agents"
19137385,"Thiotepa","RxNorm","Antineoplastic and immunomodulating agents"
19102231,"Thymopentin","RxNorm","Antineoplastic and immunomodulating agents"
21603796,"tiazofurine","ATC","Antineoplastic and immunomodulating agents"
40171288,"tocilizumab","RxNorm","Antineoplastic and immunomodulating agents"
42904205,"tofacitinib","RxNorm","Antineoplastic and immunomodulating agents"
1378509,"Topotecan","RxNorm","Antineoplastic and immunomodulating agents"
1342346,"Toremifene","RxNorm","Antineoplastic and immunomodulating agents"
21603727,"trabectedin","ATC","Antineoplastic and immunomodulating agents"
43532497,"trametinib","RxNorm","Antineoplastic and immunomodulating agents"
1387104,"trastuzumab","RxNorm","Antineoplastic and immunomodulating agents"
19042545,"treosulfan","RxNorm","Antineoplastic and immunomodulating agents"
903643,"Tretinoin","RxNorm","Antineoplastic and immunomodulating agents"
21601404,"triaziquone","ATC","Antineoplastic and immunomodulating agents"
45893469,"trifluridine, combinations","ATC","Antineoplastic and immunomodulating agents"
1343039,"Triptorelin","RxNorm","Antineoplastic and immunomodulating agents"
19101677,"trofosfamide","RxNorm","Antineoplastic and immunomodulating agents"
40161532,"ustekinumab","RxNorm","Antineoplastic and immunomodulating agents"
19012543,"valrubicin","RxNorm","Antineoplastic and immunomodulating agents"
40238052,"Vandetanib","RxNorm","Antineoplastic and immunomodulating agents"
45774639,"vedolizumab","RxNorm","Antineoplastic and immunomodulating agents"
40241937,"Vemurafenib","RxNorm","Antineoplastic and immunomodulating agents"
19008264,"Vinblastine","RxNorm","Antineoplastic and immunomodulating agents"
1308290,"Vincristine","RxNorm","Antineoplastic and immunomodulating agents"
19008336,"Vindesine","RxNorm","Antineoplastic and immunomodulating agents"
21601451,"vinflunine","ATC","Antineoplastic and immunomodulating agents"
1343346,"vinorelbine","RxNorm","Antineoplastic and immunomodulating agents"
43534805,"vintafolide","ATC","Antineoplastic and immunomodulating agents"
42709321,"vismodegib","RxNorm","Antineoplastic and immunomodulating agents"
40253798,"voclosporin","ATC","Antineoplastic and immunomodulating agents"
1337651,"Vorinostat","RxNorm","Antineoplastic and immunomodulating agents"
21603843,"vorozole","ATC","Antineoplastic and immunomodulating agents"
21603736,"zorubicin","ATC","Antineoplastic and immunomodulating agents"
19037596,"Acetylcarnitine","RxNorm","Central nervous system stimulants"
19112518,"adrafinil","RxNorm","Central nervous system stimulants"
714785,"Amphetamine","RxNorm","Central nervous system stimulants"
19032667,"aniracetam","RxNorm","Central nervous system stimulants"
742185,"atomoxetine","RxNorm","Central nervous system stimulants"
1134439,"Caffeine","RxNorm","Central nervous system stimulants"
40223464,"Citicoline","RxNorm","Central nervous system stimulants"
1311826,"Deanol","RxNorm","Central nervous system stimulants"
731533,"dexmethylphenidate","RxNorm","Central nervous system stimulants"
719311,"Dextroamphetamine","RxNorm","Central nervous system stimulants"
21604759,"fencamfamin","ATC","Central nervous system stimulants"
19061288,"fenethylline","RxNorm","Central nervous system stimulants"
19061392,"fenozolone","RxNorm","Central nervous system stimulants"
21604773,"fipexide","ATC","Central nervous system stimulants"
19067036,"idebenone","RxNorm","Central nervous system stimulants"
21604777,"linopirdine","ATC","Central nervous system stimulants"
709567,"Lisdexamfetamine","RxNorm","Central nervous system stimulants"
43534829,"mebicar","ATC","Central nervous system stimulants"
19052682,"Meclofenoxate","RxNorm","Central nervous system stimulants"
704053,"Methamphetamine","RxNorm","Central nervous system stimulants"
705944,"Methylphenidate","RxNorm","Central nervous system stimulants"
710650,"modafinil","RxNorm","Central nervous system stimulants"
21604778,"nizofenone","ATC","Central nervous system stimulants"
19082891,"oxiracetam","RxNorm","Central nervous system stimulants"
727835,"Pemoline","RxNorm","Central nervous system stimulants"
44819159,"phenibut","ATC","Central nervous system stimulants"
43534828,"PHENIBUT","ATC","Central nervous system stimulants"
21604783,"pipradrol","ATC","Central nervous system stimulants"
19046654,"Piracetam","RxNorm","Central nervous system stimulants"
21604784,"pramiracetam","ATC","Central nervous system stimulants"
19029018,"prolintane","RxNorm","Central nervous system stimulants"
19096031,"propentofylline","RxNorm","Central nervous system stimulants"
19097999,"pyrisuccideanol","RxNorm","Central nervous system stimulants"
19060358,"Pyrithioxin","RxNorm","Central nervous system stimulants"
19095462,"vinpocetine","RxNorm","Central nervous system stimulants"
21602495,"chlormadinone and ethinylestradiol","ATC","Contraceptives"
40253989,"chlormadinone and ethinylestradiol","ATC","Contraceptives"
1588000,"Desogestrel","RxNorm","Contraceptives"
43534785,"dienogest and ethinylestradiol","ATC","Contraceptives"
1519936,"Etonogestrel","RxNorm","Contraceptives"
21602483,"gestodene and ethinylestradiol","ATC","Contraceptives"
21602494,"gestodene and ethinylestradiol","ATC","Contraceptives"
1589505,"Levonorgestrel","RxNorm","Contraceptives"
19092358,"Lynestrenol","RxNorm","Contraceptives"
21602490,"lynestrenol and ethinylestradiol","ATC","Contraceptives"
21602476,"lynestrenol and ethinylestradiol","ATC","Contraceptives"
1500211,"Medroxyprogesterone","RxNorm","Contraceptives"
1300978,"Megestrol","RxNorm","Contraceptives"
21602477,"megestrol and ethinylestradiol","ATC","Contraceptives"
21602489,"megestrol and ethinylestradiol","ATC","Contraceptives"
21602487,"nomegestrol and estradiol","ATC","Contraceptives"
1521369,"Norethindrone","RxNorm","Contraceptives"
19128258,"Norgestrienone","RxNorm","Contraceptives"
21602500,"quingestanol","ATC","Contraceptives"
21602475,"quingestanol and ethinylestradiol","ATC","Contraceptives"
40225722,"ulipristal","RxNorm","Contraceptives"
905151,"Alclometasone","RxNorm","Corticosteroid"
930747,"amcinonide","RxNorm","Corticosteroid"
1115572,"Beclomethasone","RxNorm","Corticosteroid"
920458,"Betamethasone","RxNorm","Corticosteroid"
939259,"Budesonide","RxNorm","Corticosteroid"
998415,"Clobetasol","RxNorm","Corticosteroid"
950882,"clocortolone","RxNorm","Corticosteroid"
1507705,"Cortisone","RxNorm","Corticosteroid"
917205,"Desonide","RxNorm","Corticosteroid"
917336,"Desoximetasone","RxNorm","Corticosteroid"
1518254,"Dexamethasone","RxNorm","Corticosteroid"
960988,"Diflorasone","RxNorm","Corticosteroid"
1196514,"flunisolide","RxNorm","Corticosteroid"
19110714,"Fluocinolone Acetonide","RxNorm","Corticosteroid"
955252,"Fluocinonide","RxNorm","Corticosteroid"
19055344,"Fluocortolone","RxNorm","Corticosteroid"
955583,"Fluorometholone","RxNorm","Corticosteroid"
956266,"Flurandrenolide","RxNorm","Corticosteroid"
1149380,"fluticasone","RxNorm","Corticosteroid"
966468,"Halcinonide","RxNorm","Corticosteroid"
949759,"halobetasol","RxNorm","Corticosteroid"
975125,"Hydrocortisone","RxNorm","Corticosteroid"
992127,"Loteprednol","RxNorm","Corticosteroid"
909021,"medrysone","RxNorm","Corticosteroid"
1506270,"Methylprednisolone","RxNorm","Corticosteroid"
905233,"Mometasone","RxNorm","Corticosteroid"
928110,"prednicarbate","RxNorm","Corticosteroid"
1550557,"prednisolone","RxNorm","Corticosteroid"
1551099,"Prednisone","RxNorm","Corticosteroid"
977421,"rimexolone","RxNorm","Corticosteroid"
903963,"Triamcinolone","RxNorm","Corticosteroid"
21601546,"altizide and potassium-sparing agents","ATC","Diuretics"
991382,"Amiloride","RxNorm","Diuretics"
1316354,"Bendroflumethiazide","RxNorm","Diuretics"
21601475,"bendroflumethiazide and potassium","ATC","Diuretics"
21601551,"bendroflumethiazide and potassium-sparing agents","ATC","Diuretics"
932745,"Bumetanide","RxNorm","Diuretics"
21601524,"bumetanide and potassium","ATC","Diuretics"
21601555,"bumetanide and potassium-sparing agents","ATC","Diuretics"
21601552,"butizide and potassium-sparing agents","ATC","Diuretics"
19019698,"Canrenone","RxNorm","Diuretics"
992590,"Chlorothiazide","RxNorm","Diuretics"
21601478,"chlorothiazide and potassium","ATC","Diuretics"
21601485,"chlorothiazide, combinations","ATC","Diuretics"
21601506,"chlortalidone and potassium","ATC","Diuretics"
21601548,"chlortalidone and potassium-sparing agents","ATC","Diuretics"
1395058,"Chlorthalidone","RxNorm","Diuretics"
19051444,"cicletanine","RxNorm","Diuretics"
21601495,"clofenamide","ATC","Diuretics"
21601508,"clofenamide and potassium","ATC","Diuretics"
19099181,"Clopamide","RxNorm","Diuretics"
21601505,"clopamide and potassium","ATC","Diuretics"
21601500,"clorexolone","ATC","Diuretics"
21601502,"clorexolone, combinations with psycholeptics","ATC","Diuretics"
19010927,"conivaptan","RxNorm","Diuretics"
19010015,"Cyclopenthiazide","RxNorm","Diuretics"
21601481,"cyclopenthiazide and potassium","ATC","Diuretics"
21601549,"cyclopenthiazide and potassium-sparing agents","ATC","Diuretics"
19082886,"cyclothiazide","RxNorm","Diuretics"
21601483,"cyclothiazide and potassium","ATC","Diuretics"
21601545,"epitizide and potassium-sparing agents","ATC","Diuretics"
1309799,"eplerenone","RxNorm","Diuretics"
19103548,"Ethacrynic Acid","RxNorm","Diuretics"
21601531,"etozolin","ATC","Diuretics"
21601501,"fenquizone","ATC","Diuretics"
956874,"Furosemide","RxNorm","Diuretics"
21601523,"furosemide and potassium","ATC","Diuretics"
21601554,"furosemide and potassium-sparing agents","ATC","Diuretics"
974166,"Hydrochlorothiazide","RxNorm","Diuretics"
21601477,"hydrochlorothiazide and potassium","ATC","Diuretics"
21601488,"hydrochlorothiazide, combinations","ATC","Diuretics"
1376289,"Hydroflumethiazide","RxNorm","Diuretics"
21601476,"hydroflumethiazide and potassium","ATC","Diuretics"
21601486,"hydroflumethiazide, combinations","ATC","Diuretics"
978555,"Indapamide","RxNorm","Diuretics"
21601473,"mebutizide","ATC","Diuretics"
21601547,"mebutizide and potassium-sparing agents","ATC","Diuretics"
19000556,"Mefruside","RxNorm","Diuretics"
21601507,"mefruside and potassium","ATC","Diuretics"
19003070,"Mersalyl","RxNorm","Diuretics"
905273,"Methyclothiazide","RxNorm","Diuretics"
21601482,"methyclothiazide and potassium","ATC","Diuretics"
21601497,"meticrane","ATC","Diuretics"
907013,"Metolazone","RxNorm","Diuretics"
21601550,"metolazone and potassium-sparing agents","ATC","Diuretics"
21601529,"muzolimine","ATC","Diuretics"
19025498,"piretanide","RxNorm","Diuretics"
948787,"Polythiazide","RxNorm","Diuretics"
21601479,"polythiazide and potassium","ATC","Diuretics"
19081320,"quinethazone","RxNorm","Diuretics"
21601504,"quinethazone and potassium","ATC","Diuretics"
970250,"Spironolactone","RxNorm","Diuretics"
19137056,"Theobromine","RxNorm","Diuretics"
21601527,"tienilic acid","ATC","Diuretics"
19036797,"tolvaptan","RxNorm","Diuretics"
942350,"torsemide","RxNorm","Diuretics"
904542,"Triamterene","RxNorm","Diuretics"
904639,"Trichlormethiazide","RxNorm","Diuretics"
21601480,"trichlormethiazide and potassium","ATC","Diuretics"
21601544,"trichlormethiazide and potassium-sparing agents","ATC","Diuretics"
19010493,"Xipamide","RxNorm","Diuretics"
1139042,"Acetylcysteine","RxNorm","Mucolytics"
19088167,"Ambroxol","RxNorm","Mucolytics"
19030493,"Bromhexine","RxNorm","Mucolytics"
19041843,"Carbocysteine","RxNorm","Mucolytics"
21603389,"combinations","ATC","Mucolytics"
21603387,"domiodol","ATC","Mucolytics"
1125443,"Dornase Alfa","RxNorm","Mucolytics"
19095266,"eprazinone","RxNorm","Mucolytics"
19058933,"erdosteine","RxNorm","Mucolytics"
19071861,"letosteine","RxNorm","Mucolytics"
994058,"Mannitol","RxNorm","Mucolytics"
1354698,"Mesna","RxNorm","Mucolytics"
21603393,"neltenexine","ATC","Mucolytics"
19039512,"sobrerol","RxNorm","Mucolytics"
21603390,"stepronin","ATC","Mucolytics"
903031,"tiopronin","RxNorm","Mucolytics"
1363516,"5-Hydroxytryptophan","RxNorm","Psychotherapeutic agents"
19018226,"Acepromazine","RxNorm","Psychotherapeutic agents"
19029555,"acetophenazine","RxNorm","Psychotherapeutic agents"
21604750,"agomelatine","ATC","Psychotherapeutic agents"
21604715,"alaproclate","ATC","Psychotherapeutic agents"
19032424,"amineptin","RxNorm","Psychotherapeutic agents"
19057607,"Amisulpride","RxNorm","Psychotherapeutic agents"
710062,"Amitriptyline","RxNorm","Psychotherapeutic agents"
713109,"Amoxapine","RxNorm","Psychotherapeutic agents"
757688,"aripiprazole","RxNorm","Psychotherapeutic agents"
40164052,"Asenapine","RxNorm","Psychotherapeutic agents"
19016440,"Benperidol","RxNorm","Psychotherapeutic agents"
19058055,"bifemelane","RxNorm","Psychotherapeutic agents"
19039227,"bromperidol","RxNorm","Psychotherapeutic agents"
750982,"Bupropion","RxNorm","Psychotherapeutic agents"
21604508,"butaperazine","ATC","Psychotherapeutic agents"
19039883,"butriptyline","RxNorm","Psychotherapeutic agents"
45893485,"cariprazine","ATC","Psychotherapeutic agents"
19122262,"chlorproethazine","RxNorm","Psychotherapeutic agents"
794852,"Chlorpromazine","RxNorm","Psychotherapeutic agents"
19095002,"Chlorprothixene","RxNorm","Psychotherapeutic agents"
797617,"Citalopram","RxNorm","Psychotherapeutic agents"
798834,"Clomipramine","RxNorm","Psychotherapeutic agents"
21604532,"clopenthixol","ATC","Psychotherapeutic agents"
19100363,"clothiapine","RxNorm","Psychotherapeutic agents"
800878,"Clozapine","RxNorm","Psychotherapeutic agents"
19051234,"cyamemazine","RxNorm","Psychotherapeutic agents"
716968,"Desipramine","RxNorm","Psychotherapeutic agents"
717607,"Desvenlafaxine","RxNorm","Psychotherapeutic agents"
19023846,"dibenzepin","RxNorm","Psychotherapeutic agents"
21604705,"dimetacrine","ATC","Psychotherapeutic agents"
21604500,"dixyrazine","ATC","Psychotherapeutic agents"
19037989,"Dothiepin","RxNorm","Psychotherapeutic agents"
738156,"Doxepin","RxNorm","Psychotherapeutic agents"
739323,"Droperidol","RxNorm","Psychotherapeutic agents"
715259,"duloxetine","RxNorm","Psychotherapeutic agents"
715939,"Escitalopram","RxNorm","Psychotherapeutic agents"
21604717,"etoperidone","ATC","Psychotherapeutic agents"
21604524,"fluanisone","ATC","Psychotherapeutic agents"
755695,"Fluoxetine","RxNorm","Psychotherapeutic agents"
19055982,"Flupenthixol","RxNorm","Psychotherapeutic agents"
756018,"Fluphenazine","RxNorm","Psychotherapeutic agents"
19056465,"Fluspirilene","RxNorm","Psychotherapeutic agents"
751412,"Fluvoxamine","RxNorm","Psychotherapeutic agents"
21604748,"gepirone","ATC","Psychotherapeutic agents"
766529,"Haloperidol","RxNorm","Psychotherapeutic agents"
19017241,"iloperidone","RxNorm","Psychotherapeutic agents"
778268,"Imipramine","RxNorm","Psychotherapeutic agents"
21604690,"imipramine oxide","ATC","Psychotherapeutic agents"
19122204,"Iprindole","RxNorm","Psychotherapeutic agents"
21604725,"iproclozide","ATC","Psychotherapeutic agents"
21604724,"iproniazide","ATC","Psychotherapeutic agents"
781705,"Isocarboxazid","RxNorm","Psychotherapeutic agents"
43560354,"levomilnacipran","RxNorm","Psychotherapeutic agents"
21604554,"levosulpiride","ATC","Psychotherapeutic agents"
19124477,"Lithium","RxNorm","Psychotherapeutic agents"
19091830,"Lofepramine","RxNorm","Psychotherapeutic agents"
792263,"Loxapine","RxNorm","Psychotherapeutic agents"
40230761,"lurasidone","RxNorm","Psychotherapeutic agents"
794147,"Maprotiline","RxNorm","Psychotherapeutic agents"
19072021,"medifoxamine","RxNorm","Psychotherapeutic agents"
19110751,"MELITRACEN","RxNorm","Psychotherapeutic agents"
703083,"Mesoridazine","RxNorm","Psychotherapeutic agents"
19005147,"Methotrimeprazine","RxNorm","Psychotherapeutic agents"
19072088,"metylperon","RxNorm","Psychotherapeutic agents"
19007737,"Mianserin","RxNorm","Psychotherapeutic agents"
19080226,"milnacipran","RxNorm","Psychotherapeutic agents"
19072123,"minaprine","RxNorm","Psychotherapeutic agents"
725131,"Mirtazapine","RxNorm","Psychotherapeutic agents"
19010652,"Moclobemide","RxNorm","Psychotherapeutic agents"
709699,"Molindone","RxNorm","Psychotherapeutic agents"
21604519,"moperone","ATC","Psychotherapeutic agents"
21604560,"mosapramine","ATC","Psychotherapeutic agents"
714684,"nefazodone","RxNorm","Psychotherapeutic agents"
19127550,"Nialamide","RxNorm","Psychotherapeutic agents"
19128066,"Nomifensine","RxNorm","Psychotherapeutic agents"
721724,"Nortriptyline","RxNorm","Psychotherapeutic agents"
785788,"olanzapine","RxNorm","Psychotherapeutic agents"
19129635,"Opipramol","RxNorm","Psychotherapeutic agents"
21604739,"oxaflozane","ATC","Psychotherapeutic agents"
19025922,"oxypertine","RxNorm","Psychotherapeutic agents"
703244,"paliperidone","RxNorm","Psychotherapeutic agents"
722031,"Paroxetine","RxNorm","Psychotherapeutic agents"
19028044,"Penfluridol","RxNorm","Psychotherapeutic agents"
19131663,"Perazine","RxNorm","Psychotherapeutic agents"
19053565,"periciazine","RxNorm","Psychotherapeutic agents"
733008,"Perphenazine","RxNorm","Psychotherapeutic agents"
733896,"Phenelzine","RxNorm","Psychotherapeutic agents"
745790,"Pimozide","RxNorm","Psychotherapeutic agents"
19093225,"pipamperone","RxNorm","Psychotherapeutic agents"
19133992,"pipothiazine","RxNorm","Psychotherapeutic agents"
21604744,"pivagabine","ATC","Psychotherapeutic agents"
19052903,"Promazine","RxNorm","Psychotherapeutic agents"
19115044,"prothipendyl","RxNorm","Psychotherapeutic agents"
754270,"Protriptyline","RxNorm","Psychotherapeutic agents"
766814,"quetiapine","RxNorm","Psychotherapeutic agents"
19098514,"quinupramine","RxNorm","Psychotherapeutic agents"
715710,"rasagiline","RxNorm","Psychotherapeutic agents"
19084693,"reboxetine","RxNorm","Psychotherapeutic agents"
19035226,"Remoxipride","RxNorm","Psychotherapeutic agents"
735979,"Risperidone","RxNorm","Psychotherapeutic agents"
766209,"Selegiline","RxNorm","Psychotherapeutic agents"
19050633,"sertindole","RxNorm","Psychotherapeutic agents"
739138,"Sertraline","RxNorm","Psychotherapeutic agents"
19136626,"Sulpiride","RxNorm","Psychotherapeutic agents"
19100431,"sultopride","RxNorm","Psychotherapeutic agents"
19041817,"thiopropazate","RxNorm","Psychotherapeutic agents"
19000305,"thioproperazine","RxNorm","Psychotherapeutic agents"
700299,"Thioridazine","RxNorm","Psychotherapeutic agents"
700465,"Thiothixene","RxNorm","Psychotherapeutic agents"
19041910,"tianeptine","RxNorm","Psychotherapeutic agents"
19008012,"Tiapride","RxNorm","Psychotherapeutic agents"
19100775,"toloxatone","RxNorm","Psychotherapeutic agents"
703470,"Tranylcypromine","RxNorm","Psychotherapeutic agents"
703547,"Trazodone","RxNorm","Psychotherapeutic agents"
704984,"Trifluoperazine","RxNorm","Psychotherapeutic agents"
19005101,"Trifluperidol","RxNorm","Psychotherapeutic agents"
19005104,"Triflupromazine","RxNorm","Psychotherapeutic agents"
705755,"Trimipramine","RxNorm","Psychotherapeutic agents"
19006186,"Tryptophan","RxNorm","Psychotherapeutic agents"
743670,"venlafaxine","RxNorm","Psychotherapeutic agents"
19043327,"veralipride","RxNorm","Psychotherapeutic agents"
40234834,"vilazodone","RxNorm","Psychotherapeutic agents"
19008261,"Viloxazine","RxNorm","Psychotherapeutic agents"
44507700,"vortioxetine","RxNorm","Psychotherapeutic agents"
21604710,"zimeldine","ATC","Psychotherapeutic agents"
712615,"ziprasidone","RxNorm","Psychotherapeutic agents"
19102109,"zotepine","RxNorm","Psychotherapeutic agents"
19010886,"Zuclopenthixol","RxNorm","Psychotherapeutic agents"
